Id,m0_explicit_ensemble_prediction,m0_explicit_prediction_sd,text_baseline_ensemble_prediction,text_baseline_prediction_sd,m1_frozen_k24_ensemble_prediction,m1_frozen_k24_prediction_sd,stabilized_m1_prediction,LogPriceMo
118,2.689434866453104,0.2105514326398761,2.78447959212408,0.302316822658737,2.8069587829925235,0.3083979197626004,2.8069587829925235,3.6989700043360174
120,2.883805465142635,0.4023423221804484,2.8854713233075517,0.3838547478681099,2.9020766649771303,0.3778448312261125,2.9020766649771303,3.3010299956639813
127,1.0324643523532373,0.0136164974023944,1.009718839309279,0.0116617271503284,1.0079654434658245,0.0200305111492271,1.0079654434658245,1.0
129,2.1518849591286373,0.0431275178499169,2.3491946640601338,0.0314527133231642,2.3420863893890083,0.0540417880248351,2.3420863893890083,2.3483048630481607
130,2.1518849591286373,0.0431275178499169,2.3491946640601338,0.0314527133231642,2.35089659594644,0.0353504399676809,2.35089659594644,2.3483048630481607
161,2.997374791429116,0.1727794735609891,2.9722408190974203,0.1886666593047976,2.9883078753665133,0.2346534059754426,2.9883078753665133,2.985276743179293
173,3.3560088834141983,0.1203561868921418,3.3187837086644056,0.2120068612903498,3.3254899600819505,0.2251263659006679,3.3254899600819505,4.096910013008056
230,3.705582421837236,0.1992429307401749,3.805032790360927,0.2548907456705896,3.80528573817573,0.2572356167334024,3.80528573817573,3.6989700043360174
240,1.0324643523532373,0.0136164974023944,1.009718839309279,0.0116617271503284,1.0039434547345345,0.0111476580202525,1.0039434547345345,1.0
250,1.0324643523532373,0.0136164974023944,1.009718839309279,0.0116617271503284,1.0075974054203614,0.0191816673895183,1.0075974054203614,1.0
282,3.262824137675786,0.2606637041281243,3.434187294334634,0.3045667403599855,3.430636090806244,0.3020315879276649,3.430636090806244,3.2218487496163566
284,3.1224844166883856,0.2889855698539562,3.149777712285154,0.2754683570645371,3.1550718715813644,0.2797440632080973,3.1550718715813644,3.146128035678238
307,2.1518849591286373,0.0431275178499169,2.3491946640601338,0.0314527133231642,2.347731006588624,0.0476269217249148,2.347731006588624,2.3483048630481607
325,3.475552466140437,0.3048647485428681,3.599118193865272,0.4188560898581446,3.623332200022905,0.4330296166085657,3.623332200022905,3.471047107007469
327,1.0324643523532373,0.0136164974023944,1.009718839309279,0.0116617271503284,1.0101607055368356,0.0222529908572013,1.0101607055368356,1.0
463,4.09240324404167,0.0843241810066494,3.8245243489122767,0.1720246462753724,4.029821887904331,0.2547456589400048,4.029821887904331,4.397070549959409
465,1.0324643523532373,0.0136164974023944,1.009718839309279,0.0116617271503284,1.0034168073340095,0.0062431758976657,1.0034168073340095,1.0
466,1.0324643523532373,0.0136164974023944,1.009718839309279,0.0116617271503284,1.0479347043969924,0.1131638699249647,1.0479347043969924,1.0
467,1.0324643523532373,0.0136164974023944,1.009718839309279,0.0116617271503284,1.0090263057505358,0.0197226913298999,1.0090263057505358,1.0
496,1.0324643523532373,0.0136164974023944,1.009718839309279,0.0116617271503284,1.0034168073340095,0.0062431758976657,1.0034168073340095,1.0
499,1.0324643523532373,0.0136164974023944,1.009718839309279,0.0116617271503284,1.0034168073340095,0.0062431758976657,1.0034168073340095,1.0
514,3.611679955785261,0.227498521995625,3.711484900599424,0.3453815410215953,3.533676851022513,0.304547297518416,3.533676851022513,4.397070549959409
538,3.634248758427317,0.2277718834290079,3.607098086220793,0.2380704267482872,3.5258882908528606,0.2706405183317156,3.5258882908528606,3.096910013008056
551,3.6014681931781234,0.1585719657492197,3.584451137059253,0.1647829984059867,3.5701938112567486,0.1695253746542838,3.5701938112567486,3.661181443446619
553,2.1518849591286373,0.0431275178499169,2.3491946640601338,0.0314527133231642,2.35089659594644,0.0353504399676809,2.35089659594644,2.3483048630481607
566,3.228022573894948,0.2142434591834771,3.297306303662534,0.1764978440646992,3.296469321228819,0.2007759539925397,3.296469321228819,3.096910013008056
569,3.48945192309937,0.2591658991941173,3.4566464813473066,0.3115495458106617,3.448935631694093,0.3350209720067666,3.448935631694093,3.397940008672037
586,3.1474259140058587,0.2540752693007598,3.1766050776479475,0.2770019590411042,3.1814706266644723,0.284841121910821,3.1814706266644723,3.845098040014257
600,3.833524629939863,0.0871013888280376,4.038764269752415,0.0976703279493295,4.000752645142202,0.1610030682065726,4.000752645142202,4.174641192660449
603,3.832662785636271,0.0860331050035869,3.763139424794341,0.1202049532078338,3.752757319886581,0.1346332766749093,3.752757319886581,2.998186659236532
680,2.6764818537892,0.1914000929119184,2.6500575877384205,0.1481119516175414,2.6524072006902726,0.1512066530604931,2.6524072006902726,2.619788758288394
681,1.0324643523532373,0.0136164974023944,1.009718839309279,0.0116617271503284,1.0016915528726802,0.0033854526308988,1.0016915528726802,1.0
686,1.0324643523532373,0.0136164974023944,1.009718839309279,0.0116617271503284,1.002448024388281,0.0076420720592916,1.002448024388281,1.0
737,2.372586708873896,0.1500687195301291,2.369537145065379,0.1366341226081384,2.367859085536024,0.1347042797342569,2.367859085536024,2.4771212547196626
759,1.0324643523532373,0.0136164974023944,1.009718839309279,0.0116617271503284,1.0070131016555732,0.0155751058058668,1.0070131016555732,1.0
771,3.354306570747072,0.1655047402596782,3.3809460689106743,0.1748106282814592,3.3766940924733486,0.1735913027510979,3.3766940924733486,2.9542425094393248
780,2.660625246524832,0.1394235012190035,2.649425126413098,0.1277303665928215,2.658755803823429,0.1237228519464209,2.658755803823429,2.619788758288394
781,1.0324643523532373,0.0136164974023944,1.009718839309279,0.0116617271503284,1.0015887269601251,0.0033564335847856,1.0015887269601251,1.0
799,1.0324643523532373,0.0136164974023944,1.009718839309279,0.0116617271503284,1.0090263057505358,0.0197226913298999,1.0090263057505358,1.0
800,3.3117235734663497,0.2154609762948308,3.4409212673002414,0.2492530269928853,3.4284816729866496,0.2522804542763875,3.4284816729866496,3.4771212547196626
814,1.0324643523532373,0.0136164974023944,1.009718839309279,0.0116617271503284,1.0034168073340095,0.0062431758976657,1.0034168073340095,1.0
818,1.0324643523532373,0.0136164974023944,1.009718839309279,0.0116617271503284,1.051853190238733,0.1123397275289709,1.051853190238733,1.0
836,3.478215564296152,0.1986033635002173,3.536168154340146,0.2992847978537778,3.425448441166908,0.2431731968825153,3.425448441166908,4.397070549959409
845,3.4108763570564014,0.449364623505232,3.3579220454151284,0.4526189881931733,3.337566146393198,0.4563422476911669,3.337566146393198,3.521791649639124
859,3.2911106018288008,0.1359091949652254,3.280821276984474,0.1657570112360976,3.2993228391109515,0.1822222115927936,3.2993228391109515,3.397940008672037
877,3.334344093002017,0.1946970269387798,3.3221400943434465,0.1839158248932068,3.307633664836528,0.2140820568031005,3.307633664836528,3.544068044350276
879,2.9070036694454533,0.4927246319318903,2.87377129992291,0.4848917083382428,2.8888591829804597,0.481550342732034,2.8888591829804597,3.619788758288394
891,3.469183675174932,0.1846461344242319,3.478666179664774,0.1953548729196926,3.4225284589651066,0.1817568276296536,3.4225284589651066,3.095459946612824
892,2.217950908337128,0.631753475200347,2.3853974370982103,0.6037120546920889,2.415790389504677,0.5346804324336929,2.415790389504677,2.920818753952376
902,3.557330710470341,0.136422493324945,3.5309658266425146,0.1190759674770821,3.5149880595071403,0.1292901488849156,3.5149880595071403,3.397940008672037
921,3.0928957766849705,0.2231721520294441,3.044401092620605,0.1981228617687309,3.036990573011792,0.2142136240970201,3.036990573011792,2.765916793966632
938,2.1518849591286373,0.0431275178499169,1.9922489416794749,0.0711722447319328,1.9899294128066023,0.0792036936802038,1.9899294128066023,2.0293837776852097
965,2.797095645786296,0.2201840997922435,2.84766656806655,0.2437336544720439,2.8634472555299757,0.252848257482175,2.8634472555299757,2.920818753952376
989,3.0731070516814465,0.1979531770961292,3.087479052538104,0.1868949051117924,3.0967090005506828,0.1890928479330453,3.0967090005506828,3.0
993,1.0324643523532373,0.0136164974023944,1.009718839309279,0.0116617271503284,1.0034168073340095,0.0062431758976657,1.0034168073340095,1.0
1011,3.259594504086899,0.1667255536328395,3.2016076503376265,0.241915682092054,3.214890065846071,0.2438566513359019,3.214890065846071,3.2218487496163566
1056,4.020743549077467,0.0767846420047669,3.730210383206368,0.1339049820376941,3.716534785423956,0.1223594589493299,3.716534785423956,2.998186659236532
1075,2.376934048760865,0.0347837722576093,2.3643951596492285,0.0419899823916478,2.3622210213814383,0.0454316568262237,2.3622210213814383,2.330413773349191
1108,1.0324643523532373,0.0136164974023944,1.009718839309279,0.0116617271503284,1.0075838769183345,0.0159039122857094,1.0075838769183345,1.0
1111,4.06676757338911,0.1040950677039988,3.8245243489122767,0.1720246462753724,3.782238947267946,0.1869845065060754,3.782238947267946,4.397070549959409
1129,3.0605072388267103,0.2024974356729524,3.020424585216808,0.1790748794886791,3.0134457458362727,0.1965816515004886,3.0134457458362727,2.397940008672037
1155,2.713474439546953,0.2069857462860454,2.7387106913465544,0.2178628997825642,2.743006869474523,0.2233744450087761,2.743006869474523,2.619788758288394
1171,3.611679955785261,0.227498521995625,3.711484900599424,0.3453815410215953,3.9194564601938966,0.3809798814577989,3.9194564601938966,3.5223355376023853
1172,3.3614056048819863,0.175988043445066,3.4348266043363838,0.1771492590986355,3.4420186985508407,0.1909122807714017,3.4420186985508407,3.6110148339808887
1178,2.4710034550796927,0.2532415475852706,2.49546657416812,0.26554728033912,2.5140670561755223,0.2792190621586816,2.5140670561755223,2.3010299956639813
1205,3.7056148669195834,0.2829819492167761,3.649953907545289,0.2554627980194104,3.6181570258814224,0.2776597206805366,3.6181570258814224,3.41077723337721
1208,1.0324643523532373,0.0136164974023944,1.009718839309279,0.0116617271503284,1.0075838769183345,0.0159039122857094,1.0075838769183345,1.0
1214,3.128222963269546,0.2461162175805998,3.228037263411433,0.2632954536964192,3.235403410753019,0.2562081824343402,3.235403410753019,2.903089986991944
1218,3.232198244069525,0.2044631524125888,3.1706649743191564,0.2588660950318746,3.1914163192529106,0.2485972465976226,3.1914163192529106,3.263241434774581
1225,3.3450054542177408,0.1599942155059416,3.382664798128792,0.1866354649189609,3.372513254485075,0.1899662879586316,3.372513254485075,4.0
1240,3.5930141185600277,0.2629925101463408,3.479968253491695,0.2990855708488253,3.4570925398290586,0.2878559903146559,3.4570925398290586,3.2218487496163566
1271,1.0324643523532373,0.0136164974023944,1.009718839309279,0.0116617271503284,1.0034168073340095,0.0062431758976657,1.0034168073340095,1.0
1307,1.0324643523532373,0.0136164974023944,1.009718839309279,0.0116617271503284,1.0034168073340095,0.0062431758976657,1.0034168073340095,1.0
1339,3.2418935308222308,0.2335985310192549,3.247779847109563,0.2401473657288338,3.243771860436753,0.2663752119354571,3.243771860436753,3.3010299956639813
1383,1.0324643523532373,0.0136164974023944,1.009718839309279,0.0116617271503284,1.0088632347132285,0.0217625409717027,1.0088632347132285,1.0
1400,3.3429678031474905,0.4314201866283773,3.248592091323116,0.4669450835165364,3.225544799616438,0.4728625555544115,3.225544799616438,3.823908740944319
1404,1.0324643523532373,0.0136164974023944,1.009718839309279,0.0116617271503284,1.0032631281222693,0.0062306149697367,1.0032631281222693,1.0
1415,3.269496785996091,0.1668053673537059,3.2089175988876573,0.1975055017172077,3.2265198037722267,0.1733990986737604,3.2265198037722267,2.619788758288394
1420,3.4389151552519377,0.2839935535896119,3.352743756991868,0.2932460376306483,3.359419935305652,0.2763840894406254,3.359419935305652,3.397940008672037
1426,1.0324643523532373,0.0136164974023944,1.009718839309279,0.0116617271503284,1.004449801539099,0.0099511396737447,1.004449801539099,1.0
1442,2.9769326734394794,0.3380130029431674,3.196055647802708,0.3396928055140437,3.223894308863858,0.3198277371988307,3.223894308863858,3.6989700043360174
1471,4.09240324404167,0.0843241810066494,3.8245243489122767,0.1720246462753724,3.796456033770206,0.1835212107379406,3.796456033770206,4.397070549959409
1474,3.21946441179027,0.2382908890093489,3.309442435478601,0.2441929865283975,3.298993729442147,0.2623270558349894,3.298993729442147,2.397940008672037
1502,2.7064760393194622,0.0357993695753462,2.7028800618670834,0.0385572044981139,2.702296898433464,0.0386248517199526,2.702296898433464,2.619788758288394
1512,4.09240324404167,0.0843241810066494,3.846270949749554,0.1674417036022308,3.823421536897128,0.1956264215646665,3.823421536897128,4.397070549959409
1540,3.729966608134872,0.2528193266132849,3.839660056220433,0.246618468136391,3.848376972065934,0.2546622467187956,3.848376972065934,3.544068044350276
1541,1.0324643523532373,0.0136164974023944,1.009718839309279,0.0116617271503284,1.0107314807995966,0.0224034966895908,1.0107314807995966,1.0
1543,1.0324643523532373,0.0136164974023944,1.009718839309279,0.0116617271503284,1.0070131016555732,0.0155751058058668,1.0070131016555732,1.0
1551,1.0324643523532373,0.0136164974023944,1.009718839309279,0.0116617271503284,1.0090263057505358,0.0197226913298999,1.0090263057505358,1.0
1566,3.2357739052489323,0.1684160486769126,3.2333669508853244,0.1999127700456768,3.228674751337485,0.1997600181662868,3.228674751337485,1.9208187539523751
1582,3.387618927761742,0.1345722807247932,3.3759502440315434,0.1289558742066881,3.3660744570803263,0.1551832943558395,3.3660744570803263,2.762803558542489
1590,2.138458035560454,0.1976774645716348,2.154042226327064,0.1977552635067351,2.167301368084369,0.194017213423565,2.167301368084369,2.1760912590556813
1592,3.050014040373985,0.2547243777315766,3.2491812207486133,0.3210859496914618,3.284094860108046,0.320813657100838,3.284094860108046,3.464886798302651
1620,3.833524629939863,0.0871013888280376,4.038764269752415,0.0976703279493295,4.146246212628077,0.1561534633938275,4.146246212628077,4.397070549959409
1632,1.0324643523532373,0.0136164974023944,1.009718839309279,0.0116617271503284,1.0034168073340095,0.0062431758976657,1.0034168073340095,1.0
1645,3.0605072388267103,0.2024974356729524,3.02491577064802,0.1877191811681027,3.0372143174048274,0.1963785513759825,3.0372143174048274,2.619788758288394
1661,1.0324643523532373,0.0136164974023944,1.009718839309279,0.0116617271503284,1.0025724687088668,0.0060779753654861,1.0025724687088668,1.0
1708,3.2000113600788858,0.3164808403219169,3.1188339754646086,0.3493508778591732,3.1176156877633106,0.3736260616455373,3.1176156877633106,2.903089986991944
1766,1.0324643523532373,0.0136164974023944,1.009718839309279,0.0116617271503284,1.004449801539099,0.0099511396737447,1.004449801539099,1.0
1776,3.3305580450818035,0.1467903396768325,3.271270140856875,0.1563588788205439,3.262681538400217,0.1528263001652516,3.262681538400217,3.397940008672037
1797,1.0324643523532373,0.0136164974023944,1.009718839309279,0.0116617271503284,1.0040935460286784,0.0116774821469337,1.0040935460286784,1.0
1830,1.0324643523532373,0.0136164974023944,1.009718839309279,0.0116617271503284,1.004449801539099,0.0099511396737447,1.004449801539099,1.0
1842,2.745663671258447,0.1969062497138088,2.8166693609546605,0.0835359339704743,2.8166693609546605,0.0835359339704743,2.8166693609546605,2.920818753952376
1845,1.0324643523532373,0.0136164974023944,1.009718839309279,0.0116617271503284,1.0015661904659643,0.0033263723065134,1.0015661904659643,1.0
1847,1.0324643523532373,0.0136164974023944,1.009718839309279,0.0116617271503284,1.0101607055368356,0.0222529908572013,1.0101607055368356,1.0
1858,2.762199300496377,0.0952183051174877,2.8166693609546605,0.0835359339704743,2.8166693609546605,0.0835359339704743,2.8166693609546605,2.920818753952376
1875,1.0324643523532373,0.0136164974023944,1.009718839309279,0.0116617271503284,1.004449801539099,0.0099511396737447,1.004449801539099,1.0
1902,1.0324643523532373,0.0136164974023944,1.009718839309279,0.0116617271503284,1.0028239298364117,0.0062527041876542,1.0028239298364117,1.0
1903,3.832662785636271,0.0860331050035869,4.044635301882611,0.0938993026464961,4.005799472120023,0.1552583153582721,4.005799472120023,4.174641192660449
1914,3.1921519094421047,0.3202160709527062,3.082458156893544,0.3721387215210751,3.094662181579156,0.3848510199427861,3.094662181579156,2.8750612633917
1918,2.696990194535941,0.4763067348384515,2.659808012113288,0.452702772212267,2.696354763114156,0.4604934405834456,2.696354763114156,2.5085297189712867
1930,1.0324643523532373,0.0136164974023944,1.009718839309279,0.0116617271503284,1.0017704145734414,0.0034371083637053,1.0017704145734414,1.0
1946,1.0324643523532373,0.0136164974023944,1.009718839309279,0.0116617271503284,1.0101607055368356,0.0222529908572013,1.0101607055368356,1.0
1950,1.0324643523532373,0.0136164974023944,1.009718839309279,0.0116617271503284,1.0107314807995966,0.0224034966895908,1.0107314807995966,1.0
1957,2.376934048760865,0.0347837722576093,2.3643951596492285,0.0419899823916478,2.3622210213814383,0.0454316568262237,2.3622210213814383,2.330413773349191
1961,3.325236775025376,0.1309506274713357,3.334081363201018,0.1720138629008643,3.333439187912516,0.1790550754358636,3.333439187912516,3.096910013008056
1981,1.0324643523532373,0.0136164974023944,1.009718839309279,0.0116617271503284,1.0090263057505358,0.0197226913298999,1.0090263057505358,1.0
2006,2.6764818537892,0.1914000929119184,2.6500575877384205,0.1481119516175414,2.6762995670496235,0.1764966999048638,2.6762995670496235,2.619788758288394
2019,1.0324643523532373,0.0136164974023944,1.009718839309279,0.0116617271503284,1.0090263057505358,0.0197226913298999,1.0090263057505358,1.0
2031,1.0324643523532373,0.0136164974023944,1.009718839309279,0.0116617271503284,1.003002132630168,0.0077690839108224,1.003002132630168,1.0
2034,4.09240324404167,0.0843241810066494,4.083039730333834,0.0807599552258476,4.038439795754361,0.15121771444638,4.038439795754361,4.397070549959409
2041,2.989415310540646,0.3076936024578053,3.002890839381318,0.2759679269980031,3.015504188592442,0.2717068060965617,3.015504188592442,3.2218487496163566
2062,2.1518849591286373,0.0431275178499169,1.9922489416794749,0.0711722447319328,1.9899294128066023,0.0792036936802038,1.9899294128066023,2.0293837776852097
2076,2.1518849591286373,0.0431275178499169,1.9922489416794749,0.0711722447319328,2.00722298984062,0.088213101680841,2.00722298984062,2.0293837776852097
2101,3.007780439335824,0.1997572625478591,2.981453085790339,0.1885231828311181,2.9580703700316686,0.210016788801855,2.9580703700316686,2.335625033453388
2130,1.0324643523532373,0.0136164974023944,1.009718839309279,0.0116617271503284,1.0020356649884976,0.0034878390140219,1.0020356649884976,1.0
2145,2.7064760393194622,0.0357993695753462,2.7028800618670834,0.0385572044981139,2.702296898433464,0.0386248517199526,2.702296898433464,2.619788758288394
2157,2.156084334299618,0.8129423545655452,2.1409969278649164,0.8657000392586887,2.145714750289419,0.890985584858896,2.145714750289419,0.6989700043360189
2163,2.372586708873896,0.1500687195301291,2.369537145065379,0.1366341226081384,2.372182349253968,0.1426604038721332,2.372182349253968,2.397940008672037
2164,2.988531993230965,0.1724148381157796,2.932357708867761,0.1735851536342077,2.940050248867509,0.2287904528732652,2.940050248867509,2.335625033453388
2184,3.784347512535352,0.180266108432783,3.719745175647944,0.1822524204589942,3.690066714534293,0.2158585428920472,3.690066714534293,3.4522976709946303
2230,2.1518849591286373,0.0431275178499169,2.3491946640601338,0.0314527133231642,2.35089659594644,0.0353504399676809,2.35089659594644,2.3483048630481607
2251,2.372586708873896,0.1500687195301291,2.3897955931785435,0.1806263566644085,2.3788848108469147,0.1595844110757635,2.3788848108469147,2.4771212547196626
2279,3.6071339491554,0.219803752538862,3.549123472895782,0.1560062765833873,3.4721148626873366,0.1719745789332075,3.4721148626873366,3.5223355376023853
2285,3.478215564296152,0.1986033635002173,3.501035694371659,0.2130437800615395,3.4203035808760904,0.2148462242877751,3.4203035808760904,4.397070549959409
2325,3.679022344743397,0.2622906751698604,3.841721274479139,0.2564751749706961,3.845314003836053,0.2884015033500907,3.845314003836053,3.850237679666668
2336,3.841542845440367,0.1618000034721536,3.8514005003956897,0.1646063067531747,3.840996894242029,0.1830425360296701,3.840996894242029,4.176091259055681
2342,2.881153710871613,0.2206868322246198,2.7737924927630844,0.2758012756449154,2.7773336627268925,0.2818577022785867,2.7773336627268925,2.397940008672037
2357,2.8741837366124923,0.4671517340137744,2.9575553875147533,0.4456535423008934,2.97642157690716,0.4330829127622036,2.97642157690716,3.096910013008056
2358,2.8539796782671245,0.3307540928424123,2.891661653779498,0.3560563476717442,2.928127915514168,0.3616740137576088,2.928127915514168,3.3521825181113627
2366,1.0324643523532373,0.0136164974023944,1.0154515778773223,0.0575314551547553,1.009149545902053,0.0573222064954647,1.009149545902053,1.0
2371,2.9734008260637936,0.2639275015831549,2.8607652382331823,0.2925258369014204,2.852355713883785,0.2947230362997144,2.852355713883785,2.5228787452803374
2376,2.881153710871613,0.2206868322246198,2.7737924927630844,0.2758012756449154,2.7773336627268925,0.2818577022785867,2.7773336627268925,2.397940008672037
2377,3.175760654248334,0.2489427246051677,3.13404127446016,0.2395406090703709,3.1222941190750757,0.2606562656757648,3.1222941190750757,3.4771212547196626
2378,3.622721235761785,0.3636458804926072,3.742828739449105,0.3178313771246269,3.7447820321377288,0.3069572690536074,3.7447820321377288,4.176091259055681
2388,2.5074431858117565,0.5997737871302089,2.7475280506554207,0.2009070728306003,2.748086797379752,0.1961098819156534,2.748086797379752,2.6989700043360187
2406,3.239212808999844,0.2499499098344638,3.160314846321516,0.2655318396744563,3.1495075778197275,0.2755320317529313,3.1495075778197275,3.3521825181113627
2411,3.3393738281141645,0.1961125215441835,3.2877246130344826,0.2713830843471927,3.295854093134352,0.2551959081489737,3.295854093134352,3.096910013008056
2420,3.1827514822223177,0.4977216076666929,3.281732325196159,0.4743750340972213,3.272653861067436,0.4778045716450855,3.272653861067436,3.3010299956639813
2424,2.6647330602447155,0.4043649309962502,2.635948015948517,0.3848085529930033,2.6374671488614267,0.3897944596139649,2.6374671488614267,3.2218487496163566
2429,3.2335900597224816,0.2705003187982772,3.156384120500128,0.2791046454454073,3.1258279302314973,0.3071627802441175,3.1258279302314973,2.397940008672037
2434,3.293149669540512,0.2489928727842859,3.2931206371454924,0.2402720496484518,3.3019951616268948,0.2437545803213362,3.3019951616268948,2.397940008672037
2435,3.505774310893628,0.2802902990227737,3.3134087638449925,0.4275823291373077,3.313669916138777,0.4070571539525649,3.313669916138777,3.0
2452,3.131251655769624,0.2280754635259647,3.2923669886363145,0.3036198561065463,3.3092071736772777,0.30615934691615,3.3092071736772777,3.5228787452803374
2456,2.6647330602447155,0.4043649309962502,2.635948015948517,0.3848085529930033,2.6374671488614267,0.3897944596139649,2.6374671488614267,3.3010299956639813
2463,3.312207524337643,0.3479362787570377,3.284420517345789,0.3890909611716479,3.2667970266361213,0.4093386416234201,3.2667970266361213,2.619788758288394
2471,3.766662825080545,0.2361002190074407,3.656872454910759,0.2877644622822672,3.638453535900573,0.3025361122557227,3.638453535900573,3.619788758288394
2510,3.617679772039301,0.273198247180454,3.476539638593494,0.3303443576383876,3.4366453816454805,0.3386490441363652,3.4366453816454805,3.464886798302651
2511,3.4073725801474115,0.1773044947208146,3.426713071472241,0.2016605075230833,3.4084946968168244,0.2137915078987045,3.4084946968168244,3.521791649639124
2512,3.3299140464889767,0.1832340895914495,3.3272704063106984,0.2282582756808273,3.318667746338352,0.2569937185495593,3.318667746338352,3.521791649639124
2519,3.5957543638547618,0.3331252609197837,3.713374558419501,0.3175620474339084,3.7305758720211055,0.3138290118148638,3.7305758720211055,3.6989700043360174
2520,3.616987804962192,0.3688266211698363,3.758441325112433,0.3088532491086366,3.728118569859741,0.3441749263657064,3.728118569859741,4.0
2522,3.680008296853596,0.2559249969867834,3.7862118860851215,0.237863889448206,3.748304188155131,0.2858892953160125,3.748304188155131,4.301029995663981
2533,3.91498756613471,0.1430058849689567,3.9027395741088258,0.1227415408702717,3.888276614858264,0.1505821508705246,3.888276614858264,4.6020599913279625
2537,3.005467489877401,0.2167816436494567,3.033975049685162,0.2462906222493285,3.0366642475724865,0.2538565482195011,3.0366642475724865,3.060697840353612
2543,3.841301450981048,0.4192266559557324,3.7538425773663526,0.4743930497974143,3.748634533766487,0.4701934218109027,3.748634533766487,4.4458635609892205
2554,2.9205294043191543,0.2810060013526261,2.8329541525237447,0.2363966597477717,2.8424829725007417,0.2451519037242351,2.8424829725007417,2.792391689498254
2564,3.3137021277809264,0.1812079923761294,3.401035549024097,0.1816537206085594,3.4086180911236563,0.1948628849146552,3.4086180911236563,3.096910013008056
2570,3.7349645686650823,0.2535777708440742,3.5727513784499227,0.417115509532395,3.5856420345328632,0.4082469311738759,3.5856420345328632,4.066946789630613
2572,3.841301450981048,0.4192266559557324,3.702567759357427,0.570111909295099,3.714080321758788,0.5532850457937939,3.714080321758788,4.187990482355389
2577,3.841301450981048,0.4192266559557324,3.9193456269155353,0.4011375982411528,3.93409299298836,0.3862512903164222,3.93409299298836,4.32735893438633
2580,2.712498055620528,0.4212295128110729,2.8762387042853907,0.4453909973030682,2.89548557228145,0.4543639135753921,2.89548557228145,3.1760912590556813
2650,3.186593830926681,0.4935874910143389,3.1482779414202366,0.4566267319068044,3.1690365810474903,0.454121381346606,3.1690365810474903,3.823908740944319
2724,2.603540983245378,0.6035377136253803,2.5417388184908942,0.5936290777952578,2.569752551255445,0.6010704665403376,2.569752551255445,3.4471580313422194
2725,2.828680606095848,0.4464858851886145,2.754619162625494,0.4812237583027029,2.7650291456316323,0.4754415964459755,2.7650291456316323,3.4471580313422194
2727,2.6090435643670173,0.5977752993549201,2.5472413996125334,0.5883536621239549,2.5752551323770847,0.5955995682552229,2.5752551323770847,3.4471580313422194
2729,2.881615991687176,0.0454733156082167,2.8703672794020902,0.1897694130436364,2.873447636888213,0.1921382984470706,2.873447636888213,2.574031267727719
2730,1.8343051164836888,0.2744595750275553,1.850125279610657,0.2711074251900876,1.844501652933045,0.2740993546289189,1.844501652933045,1.9890046156985368
2731,2.161959552942593,0.5722331938015055,2.3350679823677205,0.5738342759832071,2.3670125165129043,0.5038974981021646,2.3670125165129043,2.444981112087945
2735,1.957138800794786,0.6190598504858471,2.128083338863271,0.5285944188240609,2.286141137729199,0.3575352986965428,2.286141137729199,2.845098040014257
2753,2.451485308728611,0.253488575200384,2.5061723914803715,0.3129541973521241,2.516065422668316,0.3028360739460303,2.516065422668316,2.397940008672037
2755,2.427969872032586,0.2485358428234638,2.421074758954478,0.2409967621345104,2.430001400535392,0.2394477585574869,2.430001400535392,2.397940008672037
2762,2.383177233965723,0.3845279944319531,2.5131742279185905,0.514600013365679,2.762244242411599,0.4289633151496207,2.762244242411599,1.6989700043360187
2771,2.2238466235981416,0.4153629321324453,2.2174543563624014,0.4235508101258974,2.2019537313440263,0.4335853233810762,2.2019537313440263,1.7781512503836436
2773,2.8638678707447904,0.4719028538686324,2.624779607249157,0.4684361387947794,2.433748579547746,0.352376280159581,2.433748579547746,3.1760912590556813
2794,2.7536792031533577,0.5258468678556389,2.714993034870008,0.4921590762282871,2.70108669851913,0.4739435200175462,2.70108669851913,2.920818753952376
2798,3.22676191089913,0.5259393013913312,3.189852318147574,0.4838159663341096,3.1503841402366755,0.4841374640987532,3.1503841402366755,2.618919299575765
2818,2.457555501763427,0.253358844218389,2.425687085061702,0.3740304633884681,2.235665319709822,0.2845027559933697,2.235665319709822,1.9208187539523751
2826,3.662796008343589,0.2219127674220497,3.692019464175348,0.2535879013256877,3.700824580077315,0.2714551028546789,3.700824580077315,4.522878745280337
2830,3.5214753713883726,0.4086925126334315,3.5165104514926178,0.4578120499248262,3.5203581482972157,0.4642292720106997,3.5203581482972157,3.9208187539523753
2864,2.707245807014009,0.4582170567320946,2.748164023092855,0.4941800751632431,2.754458066054093,0.4959625989267147,2.754458066054093,2.4983105537896004
2927,3.515901232392073,0.6284991971137842,3.402193733380096,0.6035320062035977,3.417970366999104,0.5907389062851136,3.417970366999104,3.7323937598229686
2938,2.140467602392379,0.6238096497992782,2.194567925170469,0.6297646691446924,2.190904961676939,0.6306904234566121,2.190904961676939,2.920818753952376
2940,2.140467602392379,0.6238096497992782,2.185341533098772,0.633946536830796,2.195131885959947,0.6327375103681012,2.195131885959947,2.920818753952376
2942,2.793884714550541,0.4459871957918754,2.785613936992361,0.4091606027719051,2.787757478631132,0.4007796868160874,2.787757478631132,3.096910013008056
2949,2.8611992823356007,0.1044145624211631,2.863430945760264,0.1064928828628462,2.865424025179023,0.1050732747111619,2.865424025179023,2.8750612633917
2952,3.162875906361523,0.3117399297149389,3.1533880929016624,0.3085864138019156,3.1544884546553824,0.3067404931370635,3.1544884546553824,2.970036776622557
2965,2.262305378336624,0.510956029650906,2.3350679823677205,0.5738342759832071,2.3670125165129043,0.5038974981021646,2.3670125165129043,2.444981112087945
2981,2.8838457460017417,0.03912891289433,2.8832594946392063,0.0388125276451072,2.8816168370708697,0.0351491940812129,2.8816168370708697,2.8750612633917
3005,2.159935061377801,0.5280245504583565,2.1708613762277715,0.4704318993061809,2.1204849733649214,0.241293906542599,2.1204849733649214,1.9208187539523751
3013,2.8782341685392514,0.011705527833748,2.877647917176716,0.0102817221031486,2.8777168172152865,0.0102870903107268,2.8777168172152865,2.8750612633917
3015,2.8782341685392514,0.011705527833748,2.877647917176716,0.0102817221031486,2.879775742508932,0.022774897000171,2.879775742508932,2.8750612633917
3017,3.3675983391473165,0.1938617653523168,3.437465066600496,0.2170329076401256,3.445345509843427,0.203802581167115,3.445345509843427,2.920818753952376
3024,2.8838457460017417,0.03912891289433,2.8832594946392063,0.0388125276451072,2.8816168370708697,0.0351491940812129,2.8816168370708697,2.8750612633917
3038,2.2045019476522523,0.4644698326547756,2.232363486642148,0.4851055872852771,2.232363486642148,0.4851055872852772,2.232363486642148,2.653196428496655
3073,2.231671537974037,0.1961473677378019,2.2862525797604683,0.3157771219550067,2.2877176083240967,0.3156621589978503,2.2877176083240967,2.051152522447381
3077,1.5857604004784591,0.2158793366927871,1.584342939094424,0.2082470269493758,1.5748980254914908,0.1965439147696022,1.5748980254914908,0.2218487496163564
3079,1.827663718144517,0.2639051951941722,1.8381744934548248,0.2564650685982223,1.8325685909744145,0.2573742826505079,1.8325685909744145,1.8750612633917
3086,2.391688614155638,0.4093858791464122,2.3745611242803406,0.5758653075673346,2.3891636401183094,0.5447480637819774,2.3891636401183094,2.4770488662734738
3088,2.390498564713841,0.4086124636918633,2.3661954014559425,0.5702513017670349,2.380797917293912,0.5390389010011977,2.380797917293912,1.69889761588983
3124,2.509422764985547,0.4777388321207065,2.441049954003034,0.5452860057836983,2.269257487528533,0.458999630677993,2.269257487528533,1.4065401804339552
3125,2.509422764985547,0.4777388321207065,2.441049954003034,0.5452860057836983,2.2622251276660243,0.4576975221031319,2.2622251276660243,1.3273589343863303
3141,2.7426654078559305,0.2586973360042471,2.696751753478862,0.3820724685145513,2.553142231874358,0.5238020393993011,2.553142231874358,2.477012667525221
3152,1.0144140897792462,0.08347712135585,1.0157277906736093,0.0843927173416789,1.0129870022981178,0.0865738495725387,1.0129870022981178,0.7867514221455612
3156,1.0144140897792462,0.08347712135585,1.0157277906736093,0.0843927173416789,1.0129870022981178,0.0865738495725387,1.0129870022981178,0.2329961103921538
3158,1.3278642412069857,0.6967072688534394,1.3281949631314531,0.6965507048167203,1.3186010740849483,0.6943513850398277,1.3186010740849483,0.2095150145426309
3183,3.738377793505769,0.2494722939322431,3.6676402485871313,0.2652527699725819,3.65119627713672,0.2807593078417609,3.65119627713672,3.574031267727719
3212,2.477210470197245,0.3419707312027978,2.5236076297043506,0.3661305916004778,2.532156024913653,0.3741380403550782,2.532156024913653,1.9208187539523751
3214,2.595156761167772,0.2922856577527783,2.6481451758143395,0.3201724948663803,2.647442838940367,0.3181538450522825,2.647442838940367,2.5228787452803374
3216,2.502293229874553,0.3364721760085707,2.552398681153267,0.3755147986882037,2.551696344279294,0.3736133771533595,2.551696344279294,1.9208187539523751
3228,3.697672641494716,0.2497321587244464,3.622042324371872,0.2235517070769754,3.616381344578388,0.224949944456754,3.616381344578388,3.2218487496163566
3271,2.7299531304654185,0.4134025511494158,2.721656926973038,0.4128847375485419,2.735044456577786,0.4212676311477679,2.735044456577786,2.0791812460476247
3349,2.444458278706472,0.2633891416203908,2.4240167710549803,0.2462351019157809,2.4271065125240736,0.2425145007815123,2.4271065125240736,2.845098040014257
3350,2.444458278706472,0.2633891416203908,2.4240167710549803,0.2462351019157809,2.4271065125240736,0.2425145007815123,2.4271065125240736,2.669006780958576
3382,1.1003816274791112,0.2354710424226687,1.121484637367142,0.3541170366052193,1.1419338555883527,0.4902861576574143,1.1419338555883527,3.7993405494535817
3394,2.9636576741127296,0.1250747578922827,2.938118868696704,0.1374370978605477,2.9058371006369805,0.1443966348614476,2.9058371006369805,2.9186418346981005
3401,3.049001151356214,0.1268125793714738,3.0339316393357785,0.134579924790038,2.992983557228341,0.1231525767317397,2.992983557228341,2.9186418346981005
3412,2.5063891084376646,0.4131374636448766,2.6688836289988624,0.1442605839465613,2.673084554343744,0.142429688568658,2.673084554343744,2.9186418346981005
3424,1.87925930242098,0.5578521099950785,1.8470605350653648,0.5425977225023697,1.8563087955977011,0.5462640324814538,1.8563087955977011,1.6989700043360187
3457,2.3063595068466647,0.1478177474735397,2.2696206081938253,0.1425422082015206,2.226595105429469,0.1409030108911643,2.226595105429469,2.0791812460476247
3464,2.3063595068466647,0.1478177474735397,2.20932827882629,0.1951050767735867,2.160921924257597,0.1821885029794034,2.160921924257597,2.0791812460476247
3469,2.3063595068466647,0.1478177474735397,2.20932827882629,0.1951050767735867,2.1644180441355374,0.1825904853617263,2.1644180441355374,2.0791812460476247
3567,2.463796181609783,0.3341722438303987,2.682528854186137,0.5489970072725128,3.012997938900208,0.546309944840067,3.012997938900208,2.161368002234975
3622,2.5517568501176147,0.2056240692561421,2.4617810856457565,0.2170205236442028,2.397478868572436,0.2006854756044197,2.397478868572436,3.0
3625,2.5082361602940364,0.2436282377944963,2.396172252353305,0.256025929504629,2.20707539809568,0.2518987509329679,2.20707539809568,2.7781512503836434
3627,2.5141820360943385,0.2438395160136709,2.402118128153607,0.2588404238629312,2.288632797531568,0.3209686791726587,2.288632797531568,3.03342375548695
3634,2.519085662485213,0.2077162749489358,2.427422287839873,0.2281773502379802,2.3107250214634107,0.2027109251950154,2.3107250214634107,2.298853076409707
3652,2.936544178468302,0.2193742617751714,2.917432951589333,0.2381758957411394,2.787753649687311,0.3277313120965788,2.787753649687311,2.247973266361807
3698,2.602551145374784,0.0055077086277349,2.6027709980065583,0.0051134542236742,2.6027761426096,0.005549230408175,2.6027761426096,2.6007006960652377
3701,2.0876770478814706,0.0251363178744657,2.091951384149989,0.0326747441603884,2.0928834209612703,0.0371594141903379,2.0928834209612703,2.0974886866205247
3705,2.738082187890327,0.0253969237150525,2.7382224475302945,0.0248522249488853,2.7382224475302945,0.0248522249488853,2.7382224475302945,2.7662268935741685
3706,2.0614005366104995,0.0107012063016655,2.063336931846868,0.0196680459030564,2.061813199777715,0.0128456961682407,2.061813199777715,2.0569048513364727
3707,2.7320997155700506,0.0167807165165833,2.7322399752100184,0.0159974044101708,2.732239975210017,0.0159974044101708,2.732239975210017,2.7481233950421102
3708,2.202075100047337,0.0637725143001431,2.2032926988599804,0.065222316256335,2.204233138914833,0.064538812145896,2.204233138914833,2.2196718303620817
3712,2.507751577141832,0.0110651566041224,2.507809443445014,0.0110767437437566,2.507775800707056,0.0110798043243809,2.507775800707056,2.515542700362122
3719,2.914796658146971,0.0090466872268941,2.9044535862223686,0.0414201539685257,2.9082935704347133,0.0331941176032922,2.9082935704347133,2.918860018315804
3732,2.2456650113086325,0.0159648647683452,2.244467602502329,0.0177596575587071,2.2442634862532502,0.0177303083943135,2.2442634862532502,2.2457182510046887
3744,2.8842923228063797,0.0253905718057783,2.88268285027044,0.0281195504664382,2.873313356119798,0.0494675021404145,2.873313356119798,2.8889746911023457
3766,2.1857011001000117,0.0052964013772681,2.1855269730617777,0.0052132177192206,2.1853771047122152,0.0056661006569214,2.1853771047122152,2.183507098254072
3771,1.6868620375638643,0.0326266862140557,1.6928846478681698,0.0372265117853009,1.7020244698051286,0.0335312393214039,1.7020244698051286,1.6797306463503487
3794,1.8479214582225636,0.0934455500823768,1.863246944780193,0.0851603744624903,1.8877123623062144,0.076081567250088,1.8877123623062144,1.934498451243568
3818,2.855417510219565,0.010374670966025,2.862685367216418,0.0414559729195914,2.859981190291033,0.03653529994176,2.859981190291033,2.8716702128409217
3830,1.9547542578197672,0.0314733856145869,1.9486117870140764,0.0398955909985421,1.9513389331414688,0.0367190440154267,1.9513389331414688,1.958643504540717
3884,1.041414227896326,0.0837497761952019,1.133752288929761,0.2860201010374104,1.1427085201739444,0.3733151325037616,1.1427085201739444,1.1487054585660488
3885,2.9309530818607805,0.0081846331067623,2.930530784639888,0.0126404737492659,2.9294854987436154,0.010243581624422,2.9294854987436154,2.9745884435516845
3898,2.4314716620371284,0.0145369043315969,2.431293899072619,0.0152156197949849,2.432079439729291,0.0170639523308647,2.432079439729291,2.41899141458892
3921,2.169649906585475,0.0920055631982143,2.1767118526690266,0.0935020521645063,2.182581262324818,0.0941467245779351,2.182581262324818,2.1230345297535065
3995,2.331881526384696,0.0326892458344768,2.3308593673584457,0.028344372255979,2.3302917535011414,0.0265222905518165,2.3302917535011414,2.3332793013823365
4018,2.3248404075345706,0.0382527628412342,2.323368863350596,0.042348744412381,2.3232819841090078,0.0407136014708066,2.3232819841090078,2.281412167517624
4046,3.123822029645808,0.0363029165901878,3.113970024245648,0.0653059564963488,3.120647203639819,0.0584835422924072,3.120647203639819,3.03154310833328
4051,1.279441726380995,0.1225959241060785,1.1360224470658908,0.3032615600189732,1.1672960593322952,0.2509498141321963,1.1672960593322952,1.1222158782728269
4054,3.2944981101049517,0.1410241681619811,3.280231109756147,0.1766826420010841,3.288836729980921,0.1522416875793378,3.288836729980921,3.361066449753942
4056,2.3252529220034828,0.0344776722803765,2.327028249301329,0.0369985009735567,2.3258258405458885,0.0366863891790247,2.3258258405458885,2.290961601003477
4057,2.1530673322239333,0.018028441368721,2.153425545156697,0.0181520428749452,2.159261856219854,0.0334333620366502,2.159261856219854,2.152543137280892
4062,3.066591613312082,0.0126313682391999,3.0667015502698023,0.0145026832330415,3.068168466978674,0.0155985552718532,3.068168466978674,3.067938329974341
4076,1.6868620375638643,0.0326266862140557,1.6928846478681698,0.0372265117853009,1.7020244698051286,0.0335312393214039,1.7020244698051286,1.6864873087113892
4096,1.041414227896326,0.0837497761952019,1.0221955022134248,0.1189443948054935,0.9876881644355268,0.1385018388910543,0.9876881644355268,0.9164539485499252
4099,2.8074454107369853,0.0526735372363653,2.8146322316237904,0.0705367082170113,2.812542680340966,0.0662312563475396,2.812542680340966,2.796516515932583
4110,2.202075100047337,0.0637725143001431,2.2032926988599804,0.065222316256335,2.204233138914833,0.064538812145896,2.204233138914833,2.2196718303620817
4115,2.56329413778182,0.040733741241848,2.5623150993407933,0.0396107816362457,2.558612587187999,0.0336721082535717,2.558612587187999,2.5416832292174965
4117,1.8904456087288424,0.0439893273733642,1.884858335544723,0.0444094267637995,1.890581059191248,0.036552139659528,1.890581059191248,1.8798601462734688
4125,2.1824298370293618,0.0078228523693606,2.1821990476284068,0.0077814443882436,2.182740068160365,0.0112619322196368,2.182740068160365,2.179456036676452
4126,2.555834007774604,0.0137718092854489,2.555365493218503,0.0134921401442107,2.555066503956988,0.0133392650561753,2.555066503956988,2.561598231297232
4148,2.8541092224123243,0.0088139847534257,2.854825428823617,0.0102325852093332,2.854753082352085,0.0102445623398052,2.854753082352085,2.8642638029774057
4149,2.7310592854887,0.0168141859705017,2.7311995451286672,0.0160417006482584,2.7311995451286672,0.0160417006482584,2.7311995451286672,2.7249581862877257
4171,2.4854604510472376,0.0298511403597629,2.4851424075562405,0.0286400088767671,2.4850204746219844,0.0281524879849927,2.4850204746219844,2.4740948000894747
4195,3.122092376123326,0.0353286927100984,3.119699502162364,0.0465113015818969,3.1208621341872305,0.0486794576118944,3.1208621341872305,3.10271948214878
4232,1.9547542578197672,0.0314733856145869,1.9486117870140764,0.0398955909985421,1.9513389331414688,0.0367190440154267,1.9513389331414688,1.958643504540717
4249,1.8479214582225636,0.0934455500823768,1.864820367379852,0.0926423484155326,1.8906154116324192,0.0791539281728642,1.8906154116324192,1.933655978657548
4256,2.0434597884443657,0.0303951952955817,2.0399504594237583,0.0253331863264964,2.0463475888152685,0.0391065818756145,2.0463475888152685,2.0307346169761686
4273,1.8468632075880085,0.0925370864237832,1.8605892438036784,0.0828892703452958,1.8852496930984128,0.0735145639029663,1.8852496930984128,1.923848224505993
4276,1.4807097394549549,0.0954427426305784,1.508665093946292,0.1107431015456728,1.4986978023793065,0.1009857848906072,1.4986978023793065,1.4259687322722812
4279,2.739584446726452,0.0271545729668828,2.739724706366419,0.0266378398988353,2.7397247063664185,0.0266378398988353,2.7397247063664185,2.769992387051202
4287,2.9309530818607805,0.0081846331067623,2.930530784639888,0.0126404737492659,2.9294854987436154,0.010243581624422,2.9294854987436154,2.9745884435516845
4301,2.622089285843653,0.05065372915659,2.6253010326079798,0.0464642560314654,2.627055521762158,0.0422681534302891,2.627055521762158,2.625312450961674
4316,1.041414227896326,0.0837497761952019,1.0267887741086572,0.1212326160919338,1.00501852702036,0.1644834286152122,1.00501852702036,1.0997957012455446
4323,2.169649906585475,0.0920055631982143,2.1767118526690266,0.0935020521645063,2.182581262324818,0.0941467245779351,2.182581262324818,2.1230345297535065
4374,2.01851018365169,0.0268353655050255,2.015613142025781,0.0324177899785091,2.007139847370352,0.0417559386265343,2.007139847370352,2.013188453581496
4380,1.789790321642006,0.0663164764479789,1.7843346611760902,0.0735888190880405,1.7994151697378462,0.0692969647387399,1.7994151697378462,1.7981900998221492
4397,2.331881526384696,0.0326892458344768,2.3308593673584457,0.028344372255979,2.3313955493080663,0.0279018914239269,2.3313955493080663,2.3332793013823365
4403,2.557616233075584,0.0294791499017297,2.5566371946345563,0.0277049914368235,2.558133071177276,0.0317186361769736,2.558133071177276,2.547569607635768
4411,2.017734864933166,0.0275721470870227,2.019637104544641,0.0399309984313652,2.012048467601271,0.0541609956170104,2.012048467601271,2.012837224705172
4416,2.5547135454178638,0.0134829037654262,2.554511075288476,0.013221152168004,2.554444289845387,0.0130817778724274,2.554444289845387,2.5504321993305585
4431,2.945642239466536,0.0513248765608973,2.925182508194536,0.0705257788386274,2.91793269409904,0.0813826579707793,2.91793269409904,2.997459197622717
4437,3.170318974490988,0.200003238941513,3.1884028339931167,0.1803849116451329,3.201780328855998,0.159393512947749,3.201780328855998,3.3171750465952883
4444,3.1839479600297427,0.1504245344634523,3.189220994505028,0.1519821044826941,3.188962499390428,0.1520996445772503,3.188962499390428,3.06289521502566
4453,1.279441726380995,0.1225959241060785,1.1360224470658908,0.3032615600189732,1.1719173509587828,0.2555821346079436,1.1719173509587828,1.1222158782728269
4458,2.3252529220034828,0.0344776722803765,2.327028249301329,0.0369985009735567,2.32965672988625,0.0401049043640563,2.32965672988625,2.290961601003477
4501,2.8074454107369853,0.0526735372363653,2.8146322316237904,0.0705367082170113,2.812542680340966,0.0662312563475396,2.812542680340966,2.796516515932583
4504,2.223020004642681,0.0400939631468201,2.225288548086492,0.0378098303882433,2.226550335535582,0.0360453620918419,2.226550335535582,2.2317243833285163
4505,2.0876770478814706,0.0251363178744657,2.091951384149989,0.0326747441603884,2.0928834209612703,0.0371594141903379,2.0928834209612703,2.0974886866205247
4509,2.738082187890327,0.0253969237150525,2.7382224475302945,0.0248522249488853,2.7382224475302945,0.0248522249488853,2.7382224475302945,2.7662268935741685
4522,2.7300787348042013,0.0168749795683315,2.7311995451286672,0.0160417006482584,2.7311995451286672,0.0160417006482584,2.7311995451286672,2.713210443450629
4525,2.6300337581084183,0.0531318480086057,2.63169491783042,0.0481297950158926,2.6334712814097627,0.0438216353993428,2.6334712814097627,2.6398183918310933
4526,2.853252770370602,0.0095722055913086,2.853968976781894,0.0109492363865592,2.853896630310363,0.010954718645727,2.853896630310363,2.8555191556678
4530,2.0434597884443657,0.0303951952955817,2.0420891601309843,0.0306627933046108,2.04464715519481,0.0329395911754006,2.04464715519481,2.0276892984310293
4532,2.9134678241608425,0.0107064821665396,2.9172301209925093,0.0309966507110536,2.915877830551496,0.0275343273340168,2.915877830551496,2.9048056759175647
4551,2.7310592854887,0.0168141859705017,2.7311995451286672,0.0160417006482584,2.7311995451286672,0.0160417006482584,2.7311995451286672,2.7249581862877257
4570,2.1857011001000117,0.0052964013772681,2.1855269730617777,0.0052132177192206,2.1853771047122152,0.0056661006569214,2.1853771047122152,2.183507098254072
4573,2.4854604510472376,0.0298511403597629,2.4851424075562405,0.0286400088767671,2.4850204746219844,0.0281524879849927,2.4850204746219844,2.4740948000894747
4604,2.601817793517099,0.0157936503135493,2.6022183475610627,0.0157139245227551,2.6032034134781714,0.0181072056121138,2.6032034134781714,2.605215232371396
4622,2.855417510219565,0.010374670966025,2.862685367216418,0.0414559729195914,2.853581861228209,0.0504984876395704,2.853581861228209,2.8716702128409217
4628,1.1122007240903795,0.1700282261595191,1.059770676419496,0.1650228647170911,1.0051624859485837,0.1644738379827013,1.0051624859485837,0.870208760597288
4634,1.9547542578197672,0.0314733856145869,1.9486117870140764,0.0398955909985421,1.9513389331414688,0.0367190440154267,1.9513389331414688,1.958643504540717
4655,2.504767602280201,0.0101001138604813,2.50471201179125,0.0090113599589543,2.50434872253652,0.0087598319468407,2.50434872253652,2.498884637788467
4659,2.7106427187977173,0.0301368374275965,2.7107980048068776,0.0307437164037575,2.7107980048068776,0.0307437164037575,2.7107980048068776,2.6822203114510064
4669,2.3109163531510784,0.0521221273057823,2.310862044988181,0.0524232410040035,2.313502259280027,0.0536344276435727,2.313502259280027,2.2712606104874364
4681,2.739584446726452,0.0271545729668828,2.739724706366419,0.0266378398988353,2.7397247063664185,0.0266378398988353,2.7397247063664185,2.769992387051202
4698,2.240498072183384,0.0161842222064883,2.2388992827037844,0.0173190678631934,2.238695166454706,0.017222438282626,2.238695166454706,2.240757193932684
4700,2.9309530818607805,0.0081846331067623,2.929604667514758,0.0100444742825068,2.9294854987436154,0.010243581624422,2.9294854987436154,2.9362623419034777
4703,2.622089285843653,0.05065372915659,2.6253010326079798,0.0464642560314654,2.627055521762158,0.0422681534302891,2.627055521762158,2.625312450961674
4704,1.6804332752359448,0.0472314987522985,1.6894122915194651,0.0442135265957559,1.7039560641064135,0.0504600600295736,1.7039560641064135,1.661181443446619
4714,1.041414227896326,0.0837497761952019,1.0221955022134248,0.1189443948054935,0.9876881644355268,0.1385018388910543,0.9876881644355268,0.9927007612585006
4720,2.223020004642681,0.0400939631468201,2.225288548086492,0.0378098303882433,2.226550335535582,0.0360453620918419,2.226550335535582,2.229596527617096
4721,2.1682562220596573,0.0128914167266355,2.1681331351885778,0.0130017058529043,2.174586821933675,0.0270202424354465,2.174586821933675,2.167071066251697
4727,2.0434597884443657,0.0303951952955817,2.0499869232119368,0.0376102487433861,2.056048929709952,0.0443993211227323,2.056048929709952,2.0320812676114404
4758,1.789790321642006,0.0663164764479789,1.7843346611760902,0.0735888190880405,1.7995045417906903,0.0693458505656077,1.7995045417906903,1.805614117901356
4788,1.4807097394549549,0.0954427426305784,1.5041035379098495,0.1146691754497658,1.5002500701199286,0.106368622552946,1.5002500701199286,1.4246094370095563
4791,3.244553599540232,0.0791411876748707,3.238014566025834,0.0720663277001629,3.2328618525129325,0.065584846220125,3.2328618525129325,3.283489683678042
4793,2.4801198509991678,0.025732434148137,2.480324201477825,0.0247496584830298,2.4804495629496985,0.0247585571839317,2.4804495629496985,2.4772418753236605
4799,2.331881526384696,0.0326892458344768,2.3308593673584457,0.028344372255979,2.3302917535011414,0.0265222905518165,2.3302917535011414,2.3332793013823365
4811,2.4432097810129845,0.0192892421530232,2.441298203364484,0.0194559480914052,2.440231513395784,0.0198874731606922,2.440231513395784,2.4430020715710614
4813,2.017734864933166,0.0275721470870227,2.019637104544641,0.0399309984313652,2.014709648644273,0.0508554340619814,2.014709648644273,2.012837224705172
4818,2.5547135454178638,0.0134829037654262,2.554511075288476,0.013221152168004,2.554444289845387,0.0130817778724274,2.554444289845387,2.5504321993305585
4826,2.367395106443127,0.0865899495910996,2.3574777442535364,0.1042227991974251,2.356247800910327,0.1039784398239659,2.356247800910327,2.383516162054092
4834,2.216924339244604,0.0403482722081256,2.220701114861467,0.0423874480151674,2.228762667301861,0.0451383034987109,2.228762667301861,2.189864463609998
4848,2.169649906585475,0.0920055631982143,2.1767118526690266,0.0935020521645063,2.182581262324818,0.0941467245779351,2.182581262324818,2.010723865391773
4853,1.4858128651211648,0.1011572174835958,1.4874797038417285,0.1004257743594199,1.4950588750880898,0.1160246152618244,1.4950588750880898,1.4510184521554574
4854,1.959107685913589,0.0258145225044169,1.9540228440424887,0.0324302119676893,1.9548600806303031,0.0302637318923512,1.9548600806303031,1.8716702128409213
4855,1.279441726380995,0.1225959241060785,1.1360224470658908,0.3032615600189732,1.1708650588221363,0.2556667302460569,1.1708650588221363,1.1222158782728269
4868,2.327521096521328,0.0353694945604699,2.329380231194534,0.0369771063322635,2.329195546881858,0.0379634183238013,2.329195546881858,2.290034611362518
4871,2.600795561145244,0.0086951594990284,2.6014316843083747,0.0079819582505056,2.6025049345939992,0.0106542684507769,2.6025049345939992,2.591064607026499
4873,1.6934329850571617,0.0703096637914491,1.7074267977560809,0.0882724535978298,1.7086437912413617,0.0832588086090283,1.7086437912413617,1.702574128604844
4900,1.0573715445134264,0.1193395011888214,1.0190927665047191,0.1333123715546171,0.9866586638058248,0.1461843674098403,0.9866586638058248,0.9164539485499252
4906,2.228958018201192,0.0449320235280608,2.2330620120439697,0.0427068919371081,2.2331308794385367,0.0430924851407389,2.2331308794385367,2.2317243833285163
4908,1.0573715445134264,0.1193395011888214,1.0190927665047191,0.1333123715546171,0.987710955942471,0.1473710068882319,0.987710955942471,0.870208760597288
4918,2.507948903730747,0.011191951532758,2.507809443445014,0.0110767437437566,2.507775800707056,0.0110798043243809,2.507775800707056,2.515542700362122
4927,2.6300337581084183,0.0531318480086057,2.63169491783042,0.0481297950158926,2.6334712814097627,0.0438216353993428,2.6334712814097627,2.6398183918310933
4930,2.555834007774604,0.0137718092854489,2.555365493218503,0.0134921401442107,2.555066503956988,0.0133392650561753,2.555066503956988,2.561598231297232
4938,2.248859514336201,0.0259949053876504,2.248126905751171,0.0282156521857875,2.2481957731457376,0.0287595334766879,2.2481957731457376,2.2457182510046887
4950,2.8842923228063797,0.0253905718057783,2.88268285027044,0.0281195504664382,2.884207928140248,0.025942341678817,2.884207928140248,2.8889746911023457
4953,2.7310592854887,0.0168141859705017,2.7311995451286672,0.0160417006482584,2.7311995451286672,0.0160417006482584,2.7311995451286672,2.7249581862877257
4969,2.1870449008256934,0.0111329329641116,2.1861038949450293,0.012079221010342,2.186401221010076,0.0102380868403038,2.186401221010076,2.204119982655925
4975,2.48649506303182,0.0293956095984655,2.4851424075562405,0.0286400088767671,2.485236838884745,0.0282808850780256,2.485236838884745,2.4740948000894747
5000,1.854978389109157,0.1049510357628215,1.8707516563338245,0.0969687819002478,1.8943787223904265,0.0863295316471689,1.8943787223904265,1.934498451243568
5012,2.564247117934562,0.0415879582479386,2.563268079493535,0.0405119670527697,2.562171450232496,0.0393906140637713,2.562171450232496,2.53959877845859
5030,1.1281580407074805,0.1839987628032996,1.0566679407107904,0.1763306331079086,1.0030806931822351,0.1701812639964222,1.0030806931822351,0.870208760597288
5040,1.8992896074762584,0.0552356649612104,1.899852637296946,0.0661088954614179,1.9011641288683605,0.0568790990078393,1.9011641288683605,1.8598385304010416
5079,2.5539391864645125,0.0157962319919895,2.553470671908412,0.0154952451648889,2.5531716826468966,0.0153250207753281,2.5531716826468966,2.5623920071305504
5080,1.485188500015684,0.0967184247071036,1.508665093946292,0.1107431015456728,1.4986978023793065,0.1009857848906072,1.4986978023793065,1.4259687322722812
5093,1.4867192058762475,0.0981273333902115,1.4865923857056402,0.1029685931172631,1.49705600026467,0.1203440281397194,1.49705600026467,1.59659709562646
5097,2.0784342903890987,0.0159583584998924,2.076782042707978,0.0237517876663856,2.0834938485199026,0.0827131425402435,2.0834938485199026,2.0764583877121514
5099,2.5627594681750465,0.0383020183916405,2.56178042973402,0.0370912854989097,2.559337645773102,0.0328311878334025,2.559337645773102,2.5456163329131365
5100,2.2436925752109524,0.0267606484111884,2.2425585859526262,0.0286676068863136,2.2426274533471937,0.0292163331109889,2.2426274533471937,2.240757193932684
5122,2.228958018201192,0.0449320235280608,2.2330620120439697,0.0427068919371081,2.232208041839028,0.0440618177343408,2.232208041839028,2.229596527617096
5123,2.166739979449896,0.0131811271962177,2.166392898150534,0.0135357363679431,2.173696899891513,0.0273520627189832,2.173696899891513,2.167071066251697
5127,2.1632703431292577,0.0909472604425515,2.169893529806462,0.0921723034184329,2.178223552237313,0.0939617055841779,2.178223552237313,2.1230345297535065
5129,2.0415948562594086,0.0274543533183173,2.049420587502952,0.037247276580191,2.0556759613417968,0.0432505193766571,2.0556759613417968,2.0320812676114404
5190,1.485188500015684,0.0967184247071036,1.5041035379098495,0.1146691754497658,1.5002500701199286,0.106368622552946,1.5002500701199286,1.4246094370095563
5194,2.665115080461584,0.0317727317375636,2.6630739320340284,0.0313724704715187,2.6630739320340284,0.0313724704715187,2.6630739320340284,2.6673751153627445
5231,1.8536693912023008,0.1028527075387479,1.8678432080850096,0.0937368174304851,1.8916059651891373,0.0829253144978243,1.8916059651891373,1.9323891975496528
5238,2.6086698939981074,0.0503104837427983,2.5919974959125494,0.1406597193164421,2.593751985066728,0.1397528824387682,2.593751985066728,2.6163004304425725
5248,3.1839479600297427,0.1504245344634523,3.189220994505028,0.1519821044826941,3.1860409213769203,0.1572719013832944,3.1860409213769203,3.06289521502566
5260,3.2944981101049517,0.1410241681619811,3.280231109756147,0.1766826420010841,3.293124643722469,0.1687933950836242,3.293124643722469,3.361066449753942
5276,2.0013561365380244,0.633413941749669,2.227840767119593,0.3110502633883383,2.1590136328649336,0.2745222327365899,2.1590136328649336,2.0962145853464054
5280,2.0087226111839045,0.6376292040869104,2.2435545718470467,0.3238394963602015,2.1590136328649336,0.2745222327365899,2.1590136328649336,2.3972445810103866
5292,3.0098244951824493,0.3253286743802921,3.1631266371172155,0.3760757417222056,3.3413436650750965,0.4006227010739259,3.3413436650750965,3.795184589682424
5298,3.003876999256858,0.3242338339919694,3.1250112691630663,0.395383629769964,3.283634100231737,0.4133886678712276,3.283634100231737,4.494154594018442
5312,0.3217008536245141,0.1406129005185902,0.3180421569161492,0.1079774968155796,0.281896368194286,0.1868789866301186,0.281896368194286,-0.619788758288394
5315,0.3217008536245141,0.1406129005185902,0.3159317866726451,0.1071619258358403,1.323706582035718,0.9167168314041932,1.323706582035718,-1.5228787452803376
5333,0.3217008536245141,0.1406129005185902,0.3159317866726451,0.1071619258358403,0.239065271220298,0.1748026269957764,0.239065271220298,-0.5228787452803376
5336,0.3217008536245141,0.1406129005185902,0.3159317866726451,0.1071619258358403,0.2996036670546873,0.1885493264778187,0.2996036670546873,1.9030899869919435
5353,0.50290500448744,0.3597081989611196,0.3979133116535905,0.2052801492503153,0.4308637467698512,0.344329009279153,0.4308637467698512,2.3010299956639813
5366,0.50290500448744,0.3597081989611196,0.3979133116535905,0.2052801492503153,0.4128840373349323,0.3498963663837475,0.4128840373349323,0.1760912590556812
5370,0.5368381063939497,0.3907294209212026,0.4058117377944268,0.2166606513833385,0.440534688050587,0.366879113229625,0.440534688050587,2.6020599913279625
5371,0.5368381063939497,0.3907294209212026,0.4058117377944268,0.2166606513833385,0.440534688050587,0.366879113229625,0.440534688050587,2.6020599913279625
5380,0.5368381063939497,0.3907294209212026,0.4079221080379308,0.216180728697591,0.4228273891901857,0.3728466448352319,0.4228273891901857,1.380211241711606
5387,2.1803953898829884,0.3322070308999451,2.1114836703893376,0.376264733394503,1.959657526838812,0.2957553112529335,1.959657526838812,2.903089986991944
5400,2.1803953898829884,0.3322070308999451,2.1114836703893376,0.376264733394503,1.959657526838812,0.2957553112529335,1.959657526838812,0.7781512503836436
5402,2.1803953898829884,0.3322070308999451,2.1114836703893376,0.376264733394503,1.959657526838812,0.2957553112529335,1.959657526838812,0.7781512503836436
5434,2.2137190143156933,0.2561562033117223,2.179950073500213,0.2371485172898584,2.027224042994272,0.2846715097309589,2.027224042994272,1.4771212547196624
5436,2.2137190143156933,0.2561562033117223,2.179950073500213,0.2371485172898584,2.027224042994272,0.2846715097309589,2.027224042994272,1.4771212547196624
5438,3.243998564579532,0.1814673361805956,3.243998564579532,0.1814673361805956,3.2439985645795315,0.1814673361805956,3.2439985645795315,4.301029995663981
5477,3.4188455266431195,0.041397123605065,3.4316607263124315,0.0814039117030305,3.431788447189333,0.0816325043052688,3.431788447189333,3.397940008672037
5478,3.4188455266431195,0.041397123605065,3.473995421177059,0.0872433529727829,3.4741231420539607,0.0873942119079426,3.4741231420539607,3.397940008672037
5482,3.4188455266431195,0.041397123605065,3.4243521778385526,0.1144558924357343,3.423988965668219,0.1141159507428033,3.423988965668219,3.7166987712964494
5514,3.1377358092601444,0.4714332991206856,3.072721712703367,0.5267326520515111,3.05432845256117,0.5459463849955537,3.05432845256117,3.795880017344075
5518,3.4188455266431195,0.041397123605065,3.383871617654512,0.0930354004529812,3.383999338531413,0.0933015824955349,3.383999338531413,3.795880017344075
5524,3.4188455266431195,0.041397123605065,3.4160455509508045,0.0818877172473121,3.4161732718277062,0.0821394924073349,3.4161732718277062,3.9208187539523753
5527,3.4188455266431195,0.041397123605065,3.4195155560039967,0.079062370506,3.419643276880899,0.0793174701401583,3.419643276880899,3.397940008672037
5546,3.4188455266431195,0.041397123605065,3.4195155560039967,0.079062370506,3.419643276880899,0.0793174701401583,3.419643276880899,3.096910013008056
5556,3.4188455266431195,0.041397123605065,3.3810227009541056,0.0935143836647614,3.380659488783772,0.0929270968608059,3.380659488783772,3.380211241711606
5564,2.743501441937813,0.2805059403526984,2.742647859768116,0.2871853537134289,2.7765264444033098,0.279759347912781,2.7765264444033098,3.902818468082253
5565,2.744657257414409,0.2777721792863958,2.737424203958207,0.2733658448531939,2.7777054185292167,0.26263672226261,2.7777054185292167,2.720090362302248
5578,3.4188455266431195,0.041397123605065,3.4195155560039967,0.079062370506,3.419643276880899,0.0793174701401583,3.419643276880899,2.6989700043360187
5820,1.2226707481844996,0.2198009559632588,1.23848163674459,0.4168776767846221,1.0964990395906202,0.4241554404829011,1.0964990395906202,0.7781512503836436
5822,1.2300257903296523,0.2282630827429994,1.30393362540617,0.4324507153669658,1.189554991738374,0.4170396311129031,1.189554991738374,1.7781512503836436
5826,2.919064459354204,0.2768553502302891,2.927508313449615,0.2744031712395359,2.9286655371589245,0.2730886289607737,2.9286655371589245,3.255272505103306
5833,0.5670066559067,0.4364433341280461,0.5675509996681793,0.4382894321685447,0.5675509996681793,0.4382894321685447,0.5675509996681793,0.6532125137753437
5835,1.375653068986496,0.8913720211897941,1.3850859889513556,0.900442417610174,1.3850859889513552,0.900442417610174,1.3850859889513552,1.4313637641589874
5923,1.1941951775759452,0.1488079340248629,1.2238767047995465,0.1870095567870353,1.253407769579862,0.177838229269909,1.253407769579862,-1.4436974992327127
5924,1.1941951775759452,0.1488079340248629,1.2238767047995465,0.1870095567870353,1.2537598781257149,0.178551176917943,1.2537598781257149,-0.4436974992327127
6022,2.0835739458931872,0.5538831057532984,2.065869019701323,0.539181802010743,2.06439841140837,0.5392440540883583,2.06439841140837,2.03342375548695
6027,3.2858907595957443,0.1436937884328166,3.312282222562343,0.1615705175163062,3.301990520421956,0.190928935964512,3.301990520421956,3.635483746814912
6029,3.292030906508064,0.1360636579313986,3.3184223694746624,0.1537630570073162,3.3185590677178425,0.1537741183051532,3.3185590677178425,4.334453751150931
6032,1.8459345873586768,0.4448158835629615,1.8328852597045957,0.4400347331148249,1.7972651509245947,0.5370471277366804,1.7972651509245947,1.4313637641589874
6043,1.5820734607031548,0.6338112735339194,1.582691257147726,0.6331875657678407,1.5471868161119544,0.691294215527897,1.5471868161119544,1.7323937598229686
6044,1.5820734607031548,0.6338112735339194,1.582691257147726,0.6331875657678407,1.5813363165990024,0.6322390567148823,1.5813363165990024,2.03342375548695
6048,3.1930570966558065,0.3685269453313128,3.2292780833462364,0.3647542495423675,3.2292780833462364,0.3647542495423674,3.2292780833462364,3.431363764158988
6054,2.6166025446766805,0.2991343006159291,2.7009037464099346,0.3529113875489253,2.866630253396424,0.3446670252263325,2.866630253396424,2.9542425094393248
6063,3.006528321786929,0.2914826808536975,3.0141172583868268,0.2574491271427366,2.8782739287439423,0.3876229129253655,2.8782739287439423,4.146128035678238
6065,3.006528321786929,0.2914826808536975,3.0141172583868268,0.2574491271427366,2.9875484265283,0.2192850774403814,2.9875484265283,4.845098040014257
6112,1.2307037532252432,1.00683834699236,1.1810795932297118,0.926654174962322,1.1810795932297118,0.926654174962322,1.1810795932297118,0.4771212547196624
6123,2.2624545375304117,0.5183153197621146,2.2556240620391024,0.5285811297826127,2.2504419816250123,0.5269879565065386,2.2504419816250123,1.0307346169761684
6125,2.2624545375304117,0.5183153197621146,2.2556240620391024,0.5285811297826127,2.2504419816250123,0.5269879565065386,2.2504419816250123,1.428674625648206
6132,1.8976024965927272,0.4802353239137698,1.8678676149971365,0.4699033495140266,1.8414613325180205,0.4452612044314274,1.8414613325180205,0.6989700043360189
6134,1.808852866459124,0.5295862181675565,1.7675589636506075,0.5093660218894033,1.77048433647475,0.5087119090099799,1.77048433647475,1.3979400086720375
6135,1.8018877059260283,0.5436166494762464,1.761493700959968,0.5217637440460494,1.771663294010262,0.5295093796446514,1.771663294010262,1.6989700043360187
6136,1.9755474132473756,0.5512235387977465,1.9275512574354088,0.5374141536496811,1.930476630259552,0.5359127775528469,1.930476630259552,2.0
6138,2.4749246867207857,0.4342963388499993,2.4731813041569,0.4337583732726204,2.477036485483251,0.429829792468475,2.477036485483251,2.6989700043360187
6139,2.8171739762894363,0.4808155143090435,2.780956163967581,0.493638177492325,2.832964817775251,0.4635270128441415,2.832964817775251,0.6989700043360189
6140,2.8092913643896527,0.4934771352651813,2.7765621785194377,0.5018959948814415,2.802367683846477,0.4843798387484271,2.802367683846477,1.0
6186,2.4192440675069387,0.3228216938675098,2.393942349063255,0.3704371082315623,2.358092816524516,0.3583255127694668,2.358092816524516,3.9242792860618816
6238,2.3922707294426835,0.3191509781267947,2.346642047883816,0.3328924041673176,2.2584191559695346,0.3095714927229082,2.2584191559695346,2.6532125137753435
6239,2.451121004597647,0.2400672461026454,2.4269781778873165,0.2391149169199711,2.326050960028696,0.2058531429427668,2.326050960028696,2.9542425094393248
6257,2.609789668080584,0.1923738788366928,2.585360764580056,0.2368010337923262,2.645932436957246,0.2666596520197024,2.645932436957246,2.0
6333,1.9323729590660617,0.2101440171139184,1.92267629613793,0.2196960299012366,1.894475485908224,0.2538249791107179,1.894475485908224,1.9030899869919435
6338,2.8587704178897413,0.2140283268154504,2.8595177821243087,0.2147297981971749,2.8572143130526486,0.2158876368915614,2.8572143130526486,2.858462001572238
6341,1.204195150502234,0.1884872333295142,1.2656379248070422,0.2271740296827359,1.2881989845340656,0.1718048148451217,1.2881989845340656,1.3222192947339193
6406,1.6349118132326752,0.0584549121492779,1.6484862171630437,0.0699469347891296,1.653747205146908,0.0490845917719864,1.653747205146908,1.6283889300503114
6425,2.10008524092765,0.043966823968155,2.095420639653717,0.0507729627977002,2.099336673251722,0.0573786923156967,2.099336673251722,2.1139433523068365
6426,2.3419149967890034,0.0231911707102542,2.3461429304332,0.0267645809005308,2.3369926254841475,0.0377207453609606,2.3369926254841475,2.337459261290656
6427,2.610472461817764,0.0365022973067593,2.610472461817764,0.0365022973067593,2.617299507376972,0.0420856907639712,2.617299507376972,2.5993371329924893
6451,1.9323729590660617,0.2101440171139184,1.92267629613793,0.2196960299012366,1.899754290426148,0.2450389994517921,1.899754290426148,1.9030899869919435
6479,2.7092148067960964,0.0122121101058509,2.708642751467303,0.0132465152059604,2.7052348503116423,0.0216823994760888,2.7052348503116423,2.713910354128956
6485,2.3419149967890034,0.0231911707102542,2.3461429304332,0.0267645809005308,2.335946748896716,0.0365052653862141,2.335946748896716,2.337459261290656
6519,1.623454322958022,0.0416303263903996,1.6264031333937208,0.0440974846912717,1.62939534206402,0.00759682077142,1.62939534206402,1.6283889300503114
6525,2.7092148067960964,0.0122121101058509,2.708642751467303,0.0132465152059604,2.709891007342618,0.015869424004113,2.709891007342618,2.713910354128956
6551,1.6873586650776735,0.0976390415308462,1.6696899731341923,0.0503994866170949,1.6576651024636544,0.0534662789951829,1.6576651024636544,1.6283889300503114
6552,1.6936287287623333,0.1019790501974248,1.6740974945100924,0.0610501588993695,1.6600480281875505,0.0539888346375999,1.6600480281875505,1.6283889300503114
6558,2.869349906660119,0.1612760802247318,2.867307230246036,0.1607790880685609,2.864798349776089,0.16003139764319,2.864798349776089,2.858462001572238
6569,1.960051639579035,0.1186513399619904,1.9719448513317956,0.1251814463930496,1.959043659123827,0.109298454008526,1.959043659123827,1.9030899869919435
6574,2.842186162324537,0.1239222439147788,2.840143485910453,0.1228192542738845,2.838990406425469,0.1228446039956044,2.838990406425469,2.858462001572238
6583,1.6694963635683948,0.0454354287264101,1.6532233214638294,0.0349284391142728,1.640052880873217,0.0309415258852844,1.640052880873217,1.6283889300503114
6587,2.345009985796249,0.0251465905163611,2.348614240391479,0.0267928364869027,2.3459861287679318,0.0402557953703465,2.3459861287679318,2.337459261290656
6598,2.8723020037156086,0.1700227859530525,2.8702593273015253,0.1695873551612698,2.867750446831579,0.1689229606796911,2.867750446831579,2.858462001572238
6601,1.95984078621372,0.1185830591392389,1.9719448513317956,0.1251814463930496,1.958184870038169,0.1098714247908219,1.958184870038169,1.9030899869919435
6606,2.842186162324537,0.1239222439147788,2.840143485910453,0.1228192542738845,2.838756899918061,0.1229787838787565,2.838756899918061,2.858462001572238
6643,2.3419149967890034,0.0231911707102542,2.3461429304332,0.0267645809005308,2.343736647733253,0.0395195033112165,2.343736647733253,2.337459261290656
6644,2.535462591567301,0.1321865205037179,2.539172515681545,0.1286384237082898,2.5459995612407527,0.1340522337390304,2.5459995612407527,2.5993371329924893
6696,1.6287766594864923,0.0083616787149039,1.62952683906824,0.0109427963024918,1.630743258310412,0.0173991227806801,1.630743258310412,1.6283889300503114
6700,2.610472461817764,0.0365022973067593,2.610472461817764,0.0365022973067593,2.6111747878272284,0.0477728029488448,2.6111747878272284,2.5993371329924893
6703,1.629142920543917,0.0458714778400999,1.636426520667248,0.055320656438138,1.6405419387310376,0.0229187742169043,1.6405419387310376,1.6283889300503114
6746,2.099874387562335,0.0444582124941729,2.095209786288402,0.0511796623298762,2.0978968104296056,0.0552374960856575,2.0978968104296056,2.1139433523068365
6748,2.610472461817764,0.0365022973067593,2.610472461817764,0.0365022973067593,2.617299507376972,0.0420856907639712,2.617299507376972,2.5993371329924893
6776,1.9178559479323505,0.0451362569583071,1.9216219232881109,0.0474349294761053,1.924933662150249,0.0592593004235525,1.924933662150249,1.9030899869919435
6780,2.7092148067960964,0.0122121101058509,2.708642751467303,0.0132465152059604,2.706663010870814,0.0199732277085623,2.706663010870814,2.713910354128956
6795,2.5761930613094224,0.1014013823708573,2.572483137195178,0.1071687171696346,2.585926083344145,0.1063367473992632,2.585926083344145,2.5993371329924893
6806,1.623454322958022,0.0416303263903996,1.6264031333937208,0.0440974846912717,1.6248602305735147,0.0560179666083544,1.6248602305735147,1.6283889300503114
6816,1.9159048947983797,0.0367553075797276,1.91967087015414,0.0397314378074271,1.9296207277080275,0.0656378223794517,1.9296207277080275,1.9030899869919435
6817,2.10008524092765,0.043966823968155,2.095420639653717,0.0507729627977002,2.1004128110334026,0.0546029161622765,2.1004128110334026,2.1139433523068365
6821,2.8849779545377454,0.0468926155585416,2.882542430861611,0.0459308784529496,2.8811558448692183,0.0476195852362723,2.8811558448692183,2.858462001572238
6822,1.626279766868184,0.0440656324763006,1.6280196144737786,0.051266588591236,1.6335728598764012,0.0175135750432097,1.6335728598764012,1.6283889300503114
6823,1.6323365959257483,0.0172456946300504,1.631143320148298,0.028164142274413,1.6349207761227933,0.0232458050794846,1.6349207761227933,1.6283889300503114
6829,2.891781074359061,0.0542169403038459,2.8893455506829278,0.0536998870272077,2.8887142204380827,0.0547759477854788,2.8887142204380827,2.858462001572238
6872,3.476013695224337,0.4946723602684433,3.248640919249789,0.6135534807177828,3.239587836687479,0.612668018124375,3.239587836687479,3.9208187539523753
8352,2.4157226285547417,0.1173005952785471,2.441682218833971,0.2520750022502474,2.445479527648345,0.2442665847165797,2.445479527648345,1.6323476080114163
8378,3.068280563549404,0.2015736321473765,3.067979202398313,0.2097212882244091,3.0576766514633085,0.2148113083863253,3.0576766514633085,2.4756711883244296
