Id,m0_oof_fold,m0_reference_log10_usd,m0_reference_usd
119,2,2.610204805598664,407.5724364457564
125,3,2.9823547306838685,960.1845877577151
132,3,1.0537873739539394,11.318460875302723
138,3,1.0537873739539394,11.318460875302723
148,2,3.734969176392435,5432.117762228822
151,0,3.9187349233233317,8293.444130141108
157,3,3.2561057029543976,1803.4566308409653
165,1,3.730932989307755,5381.867350689021
171,1,3.820612325638139,6616.256377747144
172,2,3.25152916253952,1784.5518157953031
176,4,1.0374856287543512,10.901484176695265
177,0,2.1819853056361653,152.04960828420352
180,2,2.3817809184174483,240.86900488642618
190,4,3.916320507115558,8247.465492271804
195,1,1.0243408475367508,10.576472573457044
199,1,3.679038262231035,4775.71346815538
200,4,2.1504945035806635,141.41468275525077
207,3,3.414096771869084,2594.757475743561
210,2,2.7098927408383187,512.7347365388455
218,0,2.9327713605277337,856.5867662573341
225,0,3.176774140398863,1502.360443887324
227,2,2.742308856342327,552.4701987368879
237,4,3.176535800414126,1501.5361775349227
238,4,1.0374856287543512,10.901484176695265
246,1,3.1339938322089527,1361.4253475514004
247,1,2.9170211133786026,826.0781086780653
260,2,2.742308856342327,552.4701987368879
265,4,3.5834386800108753,3832.1162920837874
276,4,1.0374856287543512,10.901484176695265
278,2,2.3817809184174483,240.86900488642618
281,4,1.0374856287543512,10.901484176695265
285,4,2.330413773349192,214.0000000000005
295,2,3.6681404615070616,4657.366998597075
299,0,3.9935333548385663,9852.203071372562
300,0,3.176774140398863,1502.360443887324
306,3,1.0537873739539394,11.318460875302723
311,4,3.916320507115558,8247.465492271804
316,3,3.103125941390822,1268.0195265038942
319,3,1.0537873739539394,11.318460875302723
321,1,2.18726849145388,153.91058590653665
324,0,3.557384027658116,3608.9762799178984
326,0,2.833381633110166,681.3678427234266
332,0,2.8245071827120207,667.5859419471363
334,0,1.0374856287543512,10.901484176695265
335,3,1.0537873739539394,11.318460875302723
357,1,2.824154632209131,667.0442305827685
361,3,1.0537873739539394,11.318460875302723
362,0,4.19037792240669,15501.64983398252
368,0,3.322068308001607,2099.270041317967
381,3,1.0537873739539394,11.318460875302723
383,1,3.730932989307755,5381.867350689021
385,0,2.4075014806005792,255.56506137959062
391,0,3.9935333548385663,9852.203071372562
396,3,3.103125941390822,1268.0195265038942
398,0,3.9097299962239216,8123.253310654868
404,1,1.0243408475367508,10.576472573457044
408,2,3.25152916253952,1784.5518157953031
413,1,1.0243408475367508,10.576472573457044
418,2,2.176578124775804,150.16825175408917
419,0,3.9935333548385663,9852.203071372562
423,2,3.3787635215467184,2392.0129225637884
427,1,3.5769902299058782,3775.6369697832865
433,0,1.0374856287543512,10.901484176695265
434,4,1.0374856287543512,10.901484176695265
441,2,1.0139032017007108,10.325312430222429
456,3,2.6689984975358647,466.6577658849124
461,3,2.3618491505221058,230.06425647720772
471,3,1.0537873739539394,11.318460875302723
482,2,2.176578124775804,150.16825175408917
486,4,3.362028868420895,2301.5948039234986
493,3,1.0537873739539394,11.318460875302723
495,2,3.25152916253952,1784.5518157953031
502,4,1.0374856287543512,10.901484176695265
505,3,1.0537873739539394,11.318460875302723
507,4,2.457977466413249,287.06316340002456
508,2,3.3787635215467184,2392.0129225637884
509,2,1.0139032017007108,10.325312430222429
513,3,3.103125941390822,1268.0195265038942
518,2,4.106887576019759,12790.501589799576
519,0,3.176774140398863,1502.360443887324
520,0,1.0374856287543512,10.901484176695265
521,0,3.3854828093042015,2429.309280671109
531,4,3.0061312066238677,1014.217749259168
537,4,1.0374856287543512,10.901484176695265
541,1,4.01507748375476,10353.26865911107
543,4,1.0374856287543512,10.901484176695265
547,4,1.0374856287543512,10.901484176695265
559,0,1.0374856287543512,10.901484176695265
565,4,3.640654178687932,4371.738524169319
571,4,1.0374856287543512,10.901484176695265
574,1,3.2726347628004495,1873.418319812247
575,1,2.7315185612139428,538.912877357062
585,2,2.9496743414080875,890.5828782243442
588,4,3.420197182148437,2631.4624801336413
589,2,3.3787635215467184,2392.0129225637884
591,3,2.6173979071140545,414.37916134640705
592,0,2.7098619607164225,512.6983983418501
596,4,1.0374856287543512,10.901484176695265
597,3,2.3618491505221058,230.06425647720772
602,2,1.0139032017007108,10.325312430222429
608,2,3.3787635215467184,2392.0129225637884
610,3,2.1766201586228755,150.18278671842228
614,0,1.0374856287543512,10.901484176695265
617,0,1.0374856287543512,10.901484176695265
618,0,2.833381633110166,681.3678427234266
620,2,3.8369588805687767,6870.033907740803
622,3,3.103125941390822,1268.0195265038942
625,1,3.679038262231035,4775.71346815538
630,4,2.457977466413249,287.06316340002456
634,4,1.0374856287543512,10.901484176695265
637,2,1.0139032017007108,10.325312430222429
638,3,3.103125941390822,1268.0195265038942
641,1,4.124404853511882,13316.952587124579
643,0,1.0374856287543512,10.901484176695265
648,3,2.1766201586228755,150.18278671842228
650,2,3.6495143805801686,4461.843986215094
654,0,1.0374856287543512,10.901484176695265
655,1,4.01507748375476,10353.26865911107
664,4,3.362028868420895,2301.5948039234986
665,2,1.0139032017007108,10.325312430222429
670,1,2.7315185612139428,538.912877357062
671,3,3.33900566201088,2182.758368849908
672,1,1.0243408475367508,10.576472573457044
675,2,3.6495143805801686,4461.843986215094
679,1,4.047283026408655,11150.209475324342
682,4,1.0374856287543512,10.901484176695265
683,4,3.0061312066238677,1014.217749259168
688,3,3.103125941390822,1268.0195265038942
691,2,3.25152916253952,1784.5518157953031
693,2,2.742308856342327,552.4701987368879
695,1,1.0243408475367508,10.576472573457044
698,2,2.610204805598664,407.5724364457564
699,0,3.9097299962239216,8123.253310654868
700,1,1.0243408475367508,10.576472573457044
701,0,2.7098619607164225,512.6983983418501
703,2,1.0139032017007108,10.325312430222429
708,4,1.0374856287543512,10.901484176695265
711,4,3.8617949818085076,7274.363212723166
718,1,2.4403335040558742,275.6344546982791
719,3,1.0537873739539394,11.318460875302723
721,2,2.176578124775804,150.16825175408917
723,4,1.0374856287543512,10.901484176695265
728,3,3.3691386649400914,2339.584120140655
735,3,2.6689984975358647,466.6577658849124
739,2,1.0139032017007108,10.325312430222429
740,1,1.0243408475367508,10.576472573457044
748,1,1.0243408475367508,10.576472573457044
749,1,1.0243408475367508,10.576472573457044
750,3,4.114570335051503,13018.781408499017
751,3,1.0537873739539394,11.318460875302723
752,2,3.8369588805687767,6870.033907740803
770,0,2.3989476441825133,250.58071504368758
773,2,1.0139032017007108,10.325312430222429
774,4,2.875370793113353,750.5347294253352
778,2,1.0139032017007108,10.325312430222429
783,4,3.8617949818085076,7274.363212723166
785,2,1.0139032017007108,10.325312430222429
787,3,3.3691386649400914,2339.584120140655
788,1,2.4403335040558742,275.6344546982791
790,2,3.3787635215467184,2392.0129225637884
792,3,3.103125941390822,1268.0195265038942
798,1,1.0243408475367508,10.576472573457044
804,2,4.106887576019759,12790.501589799576
806,3,1.0537873739539394,11.318460875302723
808,0,1.0374856287543512,10.901484176695265
809,0,1.0374856287543512,10.901484176695265
824,0,1.0374856287543512,10.901484176695265
828,4,2.8349796893032573,683.8796634597687
831,1,1.0243408475367508,10.576472573457044
837,2,3.2584749788529535,1813.3222013486595
839,1,3.679038262231035,4775.71346815538
841,2,2.3817809184174483,240.86900488642618
842,2,1.9352182518111363,86.14265476237829
851,0,2.8245071827120207,667.5859419471363
860,1,3.1339938322089527,1361.4253475514004
861,4,3.343322799279425,2204.5644470523775
864,4,2.7273148408978707,533.7216757119168
867,4,3.041059824045173,1099.1572378643523
870,3,3.941199003664567,8733.714754973704
882,4,3.8617949818085076,7274.363212723166
893,0,2.1819853056361653,152.04960828420352
896,1,1.0243408475367508,10.576472573457044
900,3,2.6173979071140545,414.37916134640705
901,4,2.1504945035806635,141.41468275525077
906,3,1.0537873739539394,11.318460875302723
913,3,1.0537873739539394,11.318460875302723
920,4,1.0374856287543512,10.901484176695265
924,3,2.1766201586228755,150.18278671842228
925,2,2.610204805598664,407.5724364457564
927,4,1.0374856287543512,10.901484176695265
929,0,3.557384027658116,3608.9762799178984
932,4,2.1504945035806635,141.41468275525077
941,1,1.0243408475367508,10.576472573457044
951,1,2.7315185612139428,538.912877357062
953,0,1.0374856287543512,10.901484176695265
956,3,1.0537873739539394,11.318460875302723
960,2,3.6495143805801686,4461.843986215094
962,0,2.7098619607164225,512.6983983418501
963,0,2.1819853056361653,152.04960828420352
969,0,1.0374856287543512,10.901484176695265
972,3,3.4311618306985654,2698.74487558506
975,3,3.103125941390822,1268.0195265038942
976,3,1.0537873739539394,11.318460875302723
986,1,1.0243408475367508,10.576472573457044
992,0,3.176774140398863,1502.360443887324
996,2,3.774951969227018,5955.9626995158
997,1,1.0243408475367508,10.576472573457044
999,4,2.1504945035806635,141.41468275525077
1001,1,2.18726849145388,153.91058590653665
1007,2,2.925319759247759,842.0148661822152
1015,0,1.0374856287543512,10.901484176695265
1017,4,1.0374856287543512,10.901484176695265
1018,2,3.2584749788529535,1813.3222013486595
1023,2,2.2670941280735777,184.96694690114666
1035,2,1.9352182518111363,86.14265476237829
1038,1,2.734483246405169,542.6043191075877
1047,4,1.0374856287543512,10.901484176695265
1050,0,3.947166230747542,8854.544619176952
1052,0,3.7587452867788778,5737.798422765759
1058,1,1.0243408475367508,10.576472573457044
1060,2,2.8144882200348067,652.3613458662387
1062,4,4.042044548958706,11016.52308780905
1064,2,2.9496743414080875,890.5828782243442
1066,1,1.0243408475367508,10.576472573457044
1069,1,1.0243408475367508,10.576472573457044
1070,0,2.8245071827120207,667.5859419471363
1073,3,3.4311618306985654,2698.74487558506
1081,4,1.0374856287543512,10.901484176695265
1087,2,3.6681404615070616,4657.366998597075
1089,3,1.0537873739539394,11.318460875302723
1097,0,2.1819853056361653,152.04960828420352
1101,2,2.176578124775804,150.16825175408917
1107,2,1.0139032017007108,10.325312430222429
1109,4,4.184062058804689,15277.843564230812
1114,2,1.0139032017007108,10.325312430222429
1115,3,1.0537873739539394,11.318460875302723
1121,1,4.047283026408655,11150.209475324342
1125,1,3.679038262231035,4775.71346815538
1126,1,1.0243408475367508,10.576472573457044
1128,2,3.8369588805687767,6870.033907740803
1132,4,3.640654178687932,4371.738524169319
1135,2,3.3787635215467184,2392.0129225637884
1141,1,2.5526515912190275,356.9863342190365
1145,4,1.0374856287543512,10.901484176695265
1150,3,1.0537873739539394,11.318460875302723
1154,2,3.734969176392435,5432.117762228822
1167,0,1.9005395031886707,79.53156037159872
1174,4,3.343322799279425,2204.5644470523775
1177,4,3.683441430843259,4824.379138699105
1179,1,1.0243408475367508,10.576472573457044
1183,2,2.8144882200348067,652.3613458662387
1185,2,4.072267849519423,11810.488185780643
1187,3,4.114570335051503,13018.781408499017
1189,3,3.103125941390822,1268.0195265038942
1191,3,1.0537873739539394,11.318460875302723
1196,2,2.3817809184174483,240.86900488642618
1203,4,2.875370793113353,750.5347294253352
1206,0,1.0374856287543512,10.901484176695265
1209,2,1.0139032017007108,10.325312430222429
1210,2,3.6681404615070616,4657.366998597075
1217,1,3.1339938322089527,1361.4253475514004
1223,4,2.7273148408978707,533.7216757119168
1228,0,2.9327713605277337,856.5867662573341
1232,4,1.0374856287543512,10.901484176695265
1237,0,3.947166230747542,8854.544619176952
1243,2,1.0139032017007108,10.325312430222429
1246,0,2.4075014806005792,255.56506137959062
1250,4,3.916320507115558,8247.465492271804
1251,0,3.312159468752761,2051.9154841256614
1252,3,1.0537873739539394,11.318460875302723
1254,1,2.18726849145388,153.91058590653665
1258,0,3.176774140398863,1502.360443887324
1260,1,3.730932989307755,5381.867350689021
1261,0,1.0374856287543512,10.901484176695265
1263,4,2.457977466413249,287.06316340002456
1268,1,2.9170211133786026,826.0781086780653
1273,3,1.0537873739539394,11.318460875302723
1275,0,2.1819853056361653,152.04960828420352
1277,1,3.730932989307755,5381.867350689021
1280,0,1.0374856287543512,10.901484176695265
1281,4,3.683441430843259,4824.379138699105
1285,4,2.875370793113353,750.5347294253352
1286,2,3.3787635215467184,2392.0129225637884
1293,0,1.0374856287543512,10.901484176695265
1298,3,3.858607451815217,7221.168047726276
1302,1,2.18726849145388,153.91058590653665
1306,1,2.8988003477654205,792.1370884638746
1313,0,3.312159468752761,2051.9154841256614
1319,1,2.5526515912190275,356.9863342190365
1329,2,2.176578124775804,150.16825175408917
1330,0,3.557384027658116,3608.9762799178984
1337,0,3.7587452867788778,5737.798422765759
1345,3,1.0537873739539394,11.318460875302723
1346,0,3.176774140398863,1502.360443887324
1348,2,3.2584749788529535,1813.3222013486595
1350,2,3.25152916253952,1784.5518157953031
1352,3,1.0537873739539394,11.318460875302723
1355,0,3.176774140398863,1502.360443887324
1374,3,2.1766201586228755,150.18278671842228
1376,3,2.3618491505221058,230.06425647720772
1379,2,3.950357976502113,8919.8587360583
1382,1,1.0243408475367508,10.576472573457044
1387,1,1.0243408475367508,10.576472573457044
1389,4,2.875370793113353,750.5347294253352
1395,3,3.103125941390822,1268.0195265038942
1399,2,3.2584749788529535,1813.3222013486595
1402,3,1.0537873739539394,11.318460875302723
1409,2,2.3817809184174483,240.86900488642618
1412,4,1.0374856287543512,10.901484176695265
1416,0,1.0374856287543512,10.901484176695265
1418,1,2.7315185612139428,538.912877357062
1421,2,1.0139032017007108,10.325312430222429
1422,1,2.3953405983491804,248.50812828602875
1423,0,1.0374856287543512,10.901484176695265
1428,1,3.236369788027017,1723.3353160173128
1435,1,2.5526515912190275,356.9863342190365
1437,4,4.042044548958706,11016.52308780905
1445,3,1.0537873739539394,11.318460875302723
1448,3,1.0537873739539394,11.318460875302723
1449,3,2.1766201586228755,150.18278671842228
1453,3,1.0537873739539394,11.318460875302723
1455,0,3.9935333548385663,9852.203071372562
1457,3,3.103125941390822,1268.0195265038942
1458,4,3.8617949818085076,7274.363212723166
1460,0,3.176774140398863,1502.360443887324
1462,4,4.184062058804689,15277.843564230812
1464,3,2.1766201586228755,150.18278671842228
1468,0,1.0374856287543512,10.901484176695265
1470,1,2.734483246405169,542.6043191075877
1475,0,2.4075014806005792,255.56506137959062
1476,3,3.744550850244975,5553.296352030153
1478,1,2.18726849145388,153.91058590653665
1483,0,3.947166230747542,8854.544619176952
1489,1,1.0243408475367508,10.576472573457044
1496,2,2.2670941280735777,184.96694690114666
1497,1,3.679038262231035,4775.71346815538
1507,0,3.9097299962239216,8123.253310654868
1509,0,3.7587452867788778,5737.798422765759
1513,0,3.947166230747542,8854.544619176952
1515,4,2.4728056590226233,297.03365483830163
1517,3,3.103125941390822,1268.0195265038942
1523,0,1.0374856287543512,10.901484176695265
1529,2,2.176578124775804,150.16825175408917
1530,3,3.941199003664567,8733.714754973704
1535,1,2.8988003477654205,792.1370884638746
1536,4,1.0374856287543512,10.901484176695265
1538,1,3.1339938322089527,1361.4253475514004
1545,1,2.8988003477654205,792.1370884638746
1547,1,3.498833933050389,3153.798432978298
1553,0,1.0374856287543512,10.901484176695265
1555,3,3.103125941390822,1268.0195265038942
1558,0,1.0374856287543512,10.901484176695265
1561,0,1.0374856287543512,10.901484176695265
1565,2,1.0139032017007108,10.325312430222429
1568,4,3.5834386800108753,3832.1162920837874
1577,2,1.0139032017007108,10.325312430222429
1579,4,3.362028868420895,2301.5948039234986
1580,1,2.0403335040558743,109.73205286698804
1584,0,3.1514273649035927,1417.1876691228624
1594,4,3.5834386800108753,3832.1162920837874
1595,4,3.176535800414126,1501.5361775349227
1600,2,1.0139032017007108,10.325312430222429
1601,1,2.3953405983491804,248.50812828602875
1604,0,3.176774140398863,1502.360443887324
1608,1,3.2726347628004495,1873.418319812247
1609,0,1.0374856287543512,10.901484176695265
1615,4,2.330413773349192,214.0000000000005
1627,0,1.0374856287543512,10.901484176695265
1628,3,2.6689984975358647,466.6577658849124
1631,0,1.0374856287543512,10.901484176695265
1647,1,3.820612325638139,6616.256377747144
1648,4,2.875370793113353,750.5347294253352
1657,0,4.19037792240669,15501.64983398252
1658,2,2.176578124775804,150.16825175408917
1662,2,2.176578124775804,150.16825175408917
1664,1,1.0243408475367508,10.576472573457044
1673,3,2.8415242072975264,694.2632984292542
1677,3,2.7001248497369907,501.3313342132534
1680,2,1.0139032017007108,10.325312430222429
1682,0,4.19037792240669,15501.64983398252
1684,4,2.1504945035806635,141.41468275525077
1690,0,3.312159468752761,2051.9154841256614
1694,2,1.9352182518111363,86.14265476237829
1700,4,4.042044548958706,11016.52308780905
1705,2,1.0139032017007108,10.325312430222429
1706,3,3.103125941390822,1268.0195265038942
1707,0,2.3989476441825133,250.58071504368758
1709,3,3.858607451815217,7221.168047726276
1711,0,3.947166230747542,8854.544619176952
1713,1,2.734483246405169,542.6043191075877
1721,4,2.457977466413249,287.06316340002456
1727,4,1.0374856287543512,10.901484176695265
1734,4,1.0374856287543512,10.901484176695265
1744,2,2.3817809184174483,240.86900488642618
1745,4,3.916320507115558,8247.465492271804
1748,2,3.2584749788529535,1813.3222013486595
1752,3,2.8415242072975264,694.2632984292542
1753,4,2.1504945035806635,141.41468275525077
1755,4,3.343322799279425,2204.5644470523775
1764,1,3.7652218414069885,5824.0063712428355
1765,4,3.8617949818085076,7274.363212723166
1769,1,4.124404853511882,13316.952587124579
1770,4,2.875370793113353,750.5347294253352
1774,3,1.0537873739539394,11.318460875302723
1777,4,1.0374856287543512,10.901484176695265
1778,0,2.8245071827120207,667.5859419471363
1779,1,2.734483246405169,542.6043191075877
1782,4,1.0374856287543512,10.901484176695265
1791,2,4.00843232982893,10196.058764239073
1795,2,1.0139032017007108,10.325312430222429
1803,0,3.7587452867788778,5737.798422765759
1806,4,3.8617949818085076,7274.363212723166
1807,0,3.322068308001607,2099.270041317967
1815,1,1.0243408475367508,10.576472573457044
1816,1,3.061113243947805,1151.1005036752474
1828,3,3.2561057029543976,1803.4566308409653
1832,0,2.3989476441825133,250.58071504368758
1837,2,3.2584749788529535,1813.3222013486595
1839,0,3.312159468752761,2051.9154841256614
1840,4,3.3574525124738215,2277.46920049056
1843,2,3.2584749788529535,1813.3222013486595
1849,0,3.9935333548385663,9852.203071372562
1854,2,3.2584749788529535,1813.3222013486595
1857,0,3.7587452867788778,5737.798422765759
1872,3,1.0537873739539394,11.318460875302723
1873,4,2.8186760031227287,658.6823148826517
1876,3,2.6173979071140545,414.37916134640705
1877,3,3.4311618306985654,2698.74487558506
1880,1,2.18726849145388,153.91058590653665
1888,3,3.941199003664567,8733.714754973704
1896,2,2.3817809184174483,240.86900488642618
1905,1,3.5769902299058782,3775.6369697832865
1911,1,1.0243408475367508,10.576472573457044
1912,3,3.941199003664567,8733.714754973704
1913,1,3.1339938322089527,1361.4253475514004
1919,1,3.1339938322089527,1361.4253475514004
1922,2,3.6495143805801686,4461.843986215094
1931,0,1.0374856287543512,10.901484176695265
1932,0,1.0374856287543512,10.901484176695265
1934,3,3.103125941390822,1268.0195265038942
1935,1,3.1339938322089527,1361.4253475514004
1937,2,3.6495143805801686,4461.843986215094
1941,3,3.3691386649400914,2339.584120140655
1944,2,1.0139032017007108,10.325312430222429
1945,1,1.0243408475367508,10.576472573457044
1958,3,1.9643140930195153,92.11155055085392
1964,2,1.0139032017007108,10.325312430222429
1966,0,2.3989476441825133,250.58071504368758
1973,1,2.18726849145388,153.91058590653665
1974,2,2.925319759247759,842.0148661822152
1977,2,3.25152916253952,1784.5518157953031
1978,3,3.103125941390822,1268.0195265038942
1983,1,1.0243408475367508,10.576472573457044
1985,4,2.7273148408978707,533.7216757119168
1987,4,2.1504945035806635,141.41468275525077
1994,2,2.9496743414080875,890.5828782243442
2010,1,1.0243408475367508,10.576472573457044
2011,1,1.0243408475367508,10.576472573457044
2018,0,2.1819853056361653,152.04960828420352
2021,0,3.322068308001607,2099.270041317967
2022,2,4.00843232982893,10196.058764239073
2024,2,2.742308856342327,552.4701987368879
2026,3,2.46765115519029,293.52909474176744
2028,3,2.9823547306838685,960.1845877577151
2036,3,3.4311618306985654,2698.74487558506
2039,1,2.3953405983491804,248.50812828602875
2046,2,1.0139032017007108,10.325312430222429
2054,2,2.7098927408383187,512.7347365388455
2055,3,2.1766201586228755,150.18278671842228
2058,4,1.0374856287543512,10.901484176695265
2060,4,2.875370793113353,750.5347294253352
2061,1,3.7652218414069885,5824.0063712428355
2066,3,3.744550850244975,5553.296352030153
2070,4,2.8349796893032573,683.8796634597687
2071,3,1.0537873739539394,11.318460875302723
2073,1,3.730932989307755,5381.867350689021
2077,0,3.176774140398863,1502.360443887324
2079,3,3.694199069727822,4945.373185790859
2089,0,3.176774140398863,1502.360443887324
2090,1,2.7315185612139428,538.912877357062
2091,1,4.01507748375476,10353.26865911107
2092,2,2.3817809184174483,240.86900488642618
2096,1,3.2726347628004495,1873.418319812247
2097,4,2.8349796893032573,683.8796634597687
2099,2,4.106887576019759,12790.501589799576
2108,0,1.0374856287543512,10.901484176695265
2112,4,3.420197182148437,2631.4624801336413
2116,4,3.683441430843259,4824.379138699105
2119,4,3.8617949818085076,7274.363212723166
2124,1,3.2726347628004495,1873.418319812247
2128,2,3.25152916253952,1784.5518157953031
2132,3,1.0537873739539394,11.318460875302723
2135,2,3.2584749788529535,1813.3222013486595
2137,1,3.7652218414069885,5824.0063712428355
2139,1,1.0243408475367508,10.576472573457044
2140,3,1.0537873739539394,11.318460875302723
2150,4,3.176535800414126,1501.5361775349227
2154,2,3.2584749788529535,1813.3222013486595
2155,2,1.9352182518111363,86.14265476237829
2156,0,3.176774140398863,1502.360443887324
2161,1,1.0243408475367508,10.576472573457044
2167,2,2.176578124775804,150.16825175408917
2173,2,3.6495143805801686,4461.843986215094
2175,3,3.103125941390822,1268.0195265038942
2176,2,2.610204805598664,407.5724364457564
2178,1,3.730932989307755,5381.867350689021
2181,2,1.0139032017007108,10.325312430222429
2183,4,2.875370793113353,750.5347294253352
2189,2,3.774951969227018,5955.9626995158
2190,4,2.457977466413249,287.06316340002456
2200,4,4.042044548958706,11016.52308780905
2208,4,3.8617949818085076,7274.363212723166
2212,4,2.875370793113353,750.5347294253352
2217,2,4.00843232982893,10196.058764239073
2219,0,2.833381633110166,681.3678427234266
2220,0,3.7587452867788778,5737.798422765759
2221,1,1.0243408475367508,10.576472573457044
2231,4,2.457977466413249,287.06316340002456
2234,3,1.0537873739539394,11.318460875302723
2237,2,2.3817809184174483,240.86900488642618
2245,0,3.9935333548385663,9852.203071372562
2249,0,3.9097299962239216,8123.253310654868
2252,2,3.25152916253952,1784.5518157953031
2253,1,2.18726849145388,153.91058590653665
2259,2,3.2584749788529535,1813.3222013486595
2260,0,3.7289928609944707,5357.87850070416
2266,1,1.0243408475367508,10.576472573457044
2268,2,3.950357976502113,8919.8587360583
2271,0,1.0374856287543512,10.901484176695265
2274,2,2.176578124775804,150.16825175408917
2275,3,3.103125941390822,1268.0195265038942
2277,0,3.322068308001607,2099.270041317967
2281,0,3.9935333548385663,9852.203071372562
2284,4,1.0374856287543512,10.901484176695265
2287,0,3.176774140398863,1502.360443887324
2292,3,2.3618491505221058,230.06425647720772
2303,2,2.742308856342327,552.4701987368879
2306,3,2.3618491505221058,230.06425647720772
2307,1,1.0243408475367508,10.576472573457044
2310,0,2.833381633110166,681.3678427234266
2311,3,2.7001248497369907,501.3313342132534
2331,0,2.7098619607164225,512.6983983418501
2332,2,1.0139032017007108,10.325312430222429
2335,1,2.824154632209131,667.0442305827685
2337,0,3.176774140398863,1502.360443887324
2339,4,1.0374856287543512,10.901484176695265
2340,4,3.0239877850132006,1056.7877855332429
2343,2,3.2584749788529535,1813.3222013486595
2344,2,3.6495143805801686,4461.843986215094
2345,1,2.8988003477654205,792.1370884638746
2346,1,2.5526515912190275,356.9863342190365
2348,2,3.3375405595615213,2175.4071898168136
2350,4,1.0374856287543512,10.901484176695265
2351,1,1.0243408475367508,10.576472573457044
2352,4,2.457977466413249,287.06316340002456
2353,4,3.0239877850132006,1056.7877855332429
2354,1,3.1339938322089527,1361.4253475514004
2360,0,3.176774140398863,1502.360443887324
2361,3,2.7001248497369907,501.3313342132534
2362,2,3.3375405595615213,2175.4071898168136
2363,4,3.420197182148437,2631.4624801336413
2367,4,3.916320507115558,8247.465492271804
2368,2,2.610204805598664,407.5724364457564
2369,0,1.9005395031886707,79.53156037159872
2370,1,2.824154632209131,667.0442305827685
2372,2,3.3375405595615213,2175.4071898168136
2373,0,3.176774140398863,1502.360443887324
2374,2,2.8144882200348067,652.3613458662387
2375,4,3.0239877850132006,1056.7877855332429
2380,1,1.0243408475367508,10.576472573457044
2381,0,3.176774140398863,1502.360443887324
2382,3,3.103125941390822,1268.0195265038942
2385,4,3.0239877850132006,1056.7877855332429
2389,1,1.0243408475367508,10.576472573457044
2390,1,2.5526515912190275,356.9863342190365
2391,0,3.176774140398863,1502.360443887324
2392,2,3.6495143805801686,4461.843986215094
2395,2,2.610204805598664,407.5724364457564
2396,0,3.176774140398863,1502.360443887324
2400,2,3.3375405595615213,2175.4071898168136
2402,4,2.8349796893032573,683.8796634597687
2408,1,2.8988003477654205,792.1370884638746
2410,2,1.0139032017007108,10.325312430222429
2412,3,3.103125941390822,1268.0195265038942
2413,0,3.176774140398863,1502.360443887324
2416,1,4.124404853511882,13316.952587124579
2417,2,2.7098927408383187,512.7347365388455
2419,4,2.1504945035806635,141.41468275525077
2421,4,3.041059824045173,1099.1572378643523
2422,0,3.312159468752761,2051.9154841256614
2423,3,3.33900566201088,2182.758368849908
2425,0,2.833381633110166,681.3678427234266
2428,2,3.2584749788529535,1813.3222013486595
2432,0,3.176774140398863,1502.360443887324
2436,1,2.8988003477654205,792.1370884638746
2438,3,3.694199069727822,4945.373185790859
2439,0,3.7587452867788778,5737.798422765759
2442,3,3.103125941390822,1268.0195265038942
2444,4,2.1504945035806635,141.41468275525077
2446,2,3.6495143805801686,4461.843986215094
2447,0,3.312159468752761,2051.9154841256614
2448,1,3.061113243947805,1151.1005036752474
2449,4,3.5113850208169852,3246.2728592601998
2450,0,2.7098619607164225,512.6983983418501
2455,4,3.5113850208169852,3246.2728592601998
2457,0,3.7587452867788778,5737.798422765759
2459,1,2.0403335040558743,109.73205286698804
2462,4,3.5113850208169852,3246.2728592601998
2464,2,3.6495143805801686,4461.843986215094
2467,2,3.25152916253952,1784.5518157953031
2469,1,3.2726347628004495,1873.418319812247
2479,3,2.8415242072975264,694.2632984292542
2486,3,3.3691386649400914,2339.584120140655
2498,0,3.557384027658116,3608.9762799178984
2501,0,3.176774140398863,1502.360443887324
2508,4,3.176535800414126,1501.5361775349227
2513,2,2.925319759247759,842.0148661822152
2514,2,2.9442610403591503,879.5510276397348
2515,2,2.9442610403591503,879.5510276397348
2516,0,3.176774140398863,1502.360443887324
2517,1,3.5769902299058782,3775.6369697832865
2518,3,3.103125941390822,1268.0195265038942
2521,0,3.176774140398863,1502.360443887324
2523,3,3.103125941390822,1268.0195265038942
2524,0,3.176774140398863,1502.360443887324
2525,4,3.916320507115558,8247.465492271804
2526,4,3.916320507115558,8247.465492271804
2527,1,3.918504610170861,8289.04715307498
2528,2,3.774951969227018,5955.9626995158
2529,2,3.774951969227018,5955.9626995158
2530,3,3.694199069727822,4945.373185790859
2531,1,3.918504610170861,8289.04715307498
2532,1,3.918504610170861,8289.04715307498
2544,3,4.251962942443866,17863.35143628671
2549,4,2.875370793113353,750.5347294253352
2556,0,3.1514273649035927,1417.1876691228624
2560,2,3.25152916253952,1784.5518157953031
2562,1,3.679038262231035,4775.71346815538
2567,4,3.683441430843259,4824.379138699105
2595,3,3.2561057029543976,1803.4566308409653
2599,4,3.041059824045173,1099.1572378643523
2616,4,3.176535800414126,1501.5361775349227
2625,3,3.103125941390822,1268.0195265038942
2632,0,3.1514273649035927,1417.1876691228624
2643,1,3.2726347628004495,1873.418319812247
2660,3,2.0250012567188085,105.9256790346341
2664,0,1.8282190406918832,67.33161642874495
2665,2,1.5115269431215625,32.4733387622348
2666,3,3.1554667983670166,1430.430620812279
2667,4,2.717720975595996,522.060669030022
2668,2,3.0522417133347726,1127.8249900311107
2670,0,3.557384027658116,3608.9762799178984
2675,0,1.7575425894129995,57.21930644416314
2676,0,1.9346910274039628,86.03814283375232
2677,1,2.524704081999344,334.7372793606297
2678,0,2.510817264787549,324.2031758237441
2679,4,2.453209675665087,283.92894953707355
2680,3,2.549499285131211,354.404546914249
2695,1,1.6330016147913196,42.95380238678019
2723,2,0.9727508465558918,9.391843487298212
2726,2,0.9727508465558918,9.391843487298212
2728,4,2.979866671941392,954.6994490600123
2732,2,0.6021981013130263,4.001272242253361
2733,4,2.5876631580116913,386.95740149992
2734,2,1.190744695279959,15.514746906071485
2736,0,2.510817264787549,324.2031758237441
2737,4,2.979866671941392,954.6994490600123
2738,2,1.5115269431215625,32.4733387622348
2739,4,2.979866671941392,954.6994490600123
2740,1,3.467986030834,2937.555163411984
2741,2,3.4813392588023078,3029.278892704742
2742,2,3.4813392588023078,3029.278892704742
2743,1,3.467986030834,2937.555163411984
2746,1,2.892331119213382,780.4249032380328
2747,1,1.6330016147913196,42.95380238678019
2749,1,2.3881431021642614,244.42358077192824
2751,0,2.510817264787549,324.2031758237441
2752,1,2.239865128900632,173.72612346989874
2754,2,2.2173625077927364,164.95386953038147
2756,1,2.239865128900632,173.72612346989874
2758,1,1.9727657973841657,93.92166812281555
2759,4,2.014344888410595,103.35818833923393
2760,3,2.327641216484489,212.6381653395276
2761,1,2.3816895563868425,240.8183388803921
2763,0,2.048794852820405,111.89092207670895
2764,3,2.0250012567188085,105.9256790346341
2765,0,1.9349158952623569,86.08270297293161
2766,0,1.9349158952623569,86.08270297293161
2768,0,1.9349158952623569,86.08270297293161
2770,1,2.446454321508,279.54666888038986
2772,4,2.453209675665087,283.92894953707355
2774,2,1.9214768976877985,83.45971506679143
2775,3,3.279366718900993,1902.6842311648502
2776,2,3.456170612492499,2858.713367732903
2777,1,3.2940996784595535,1968.3380071347574
2778,2,3.456170612492499,2858.713367732903
2779,3,3.2728151411669364,1874.1965804998572
2786,0,3.557384027658116,3608.9762799178984
2795,4,2.979866671941392,954.6994490600123
2801,3,3.103125941390822,1268.0195265038942
2802,0,3.176774140398863,1502.360443887324
2803,2,3.2584749788529535,1813.3222013486595
2804,1,3.312957219107025,2055.6880870705063
2805,0,3.176774140398863,1502.360443887324
2806,4,2.5167052177056703,328.6284948466623
2815,0,3.135622242822465,1366.5396676321375
2816,0,2.313562389609517,205.8554595871196
2817,0,2.149540268078966,141.10430632628356
2819,3,2.327641216484489,212.6381653395276
2827,0,3.9187349233233317,8293.444130141108
2828,0,3.1514273649035927,1417.1876691228624
2829,0,3.557384027658116,3608.9762799178984
2831,1,3.541462872668237,3479.0676423181517
2832,3,3.414096771869084,2594.757475743561
2846,3,2.549499285131211,354.404546914249
2847,4,2.762341955709182,578.551409144498
2848,3,3.1931650368768985,1560.1452632596095
2849,0,1.9346910274039628,86.03814283375232
2850,2,2.742308856342327,552.4701987368879
2851,2,2.742308856342327,552.4701987368879
2852,4,2.875370793113353,750.5347294253352
2854,0,2.6020772800626064,400.0159238300193
2858,2,0.9148329630487017,8.2192646242454
2861,3,3.036968479831644,1088.8510639748404
2862,2,1.4954451970931033,31.292855672453637
2863,3,2.398917021984805,250.56304716624527
2865,2,2.2639599017614054,183.6368784313667
2866,2,3.161965838394803,1451.997398975998
2878,3,2.2190002942587053,165.57710853462984
2879,2,2.547577504827904,352.8397492977889
2880,3,2.2190002942587053,165.57710853462984
2881,0,1.7575425894129995,57.21930644416314
2882,3,2.2190002942587053,165.57710853462984
2883,1,2.524704081999344,334.7372793606297
2884,4,1.0481362826663787,11.172137771840488
2885,3,2.2190002942587053,165.57710853462984
2886,0,2.8652786367515284,733.2948531016762
2919,1,3.293513742642868,1965.684180929244
2921,1,2.8750612633917,750.0000000000001
2922,3,2.6855567458522063,484.793452642671
2926,4,2.4147339820937126,259.85673780574115
2943,1,2.446454321508,279.54666888038986
2946,2,2.8750612633917,750.0000000000001
2948,2,2.8750612633917,750.0000000000001
2959,4,2.8750612633917,750.0000000000001
2961,0,3.4392056269147715,2749.195516134731
2962,3,2.2190002942587053,165.57710853462984
2963,4,2.453209675665087,283.92894953707355
2964,2,2.542847581931793,349.01780423880274
2967,1,2.239865128900632,173.72612346989874
2968,0,2.8750612633917,750.0000000000001
2969,2,2.8750612633917,750.0000000000001
2973,0,3.4392056269147715,2749.195516134731
2974,4,3.477286496440634,3001.1416665490024
2975,3,2.8750612633917,750.0000000000001
2978,4,2.6366048282717003,433.11659908085466
2980,4,3.0629520662332155,1155.9846473024677
2983,0,2.8750612633917,750.0000000000001
2985,3,2.8750612633917,750.0000000000001
2986,0,2.8750612633917,750.0000000000001
2987,0,2.8750612633917,750.0000000000001
2988,0,2.8750612633917,750.0000000000001
2989,2,3.4142611390471935,2595.7396979439236
2990,3,2.8750612633917,750.0000000000001
2995,1,3.1444374866532354,1394.5609068871297
2996,3,2.7001248497369907,501.3313342132534
2997,1,2.8750612633917,750.0000000000001
3006,0,2.8750612633917,750.0000000000001
3007,2,2.8750612633917,750.0000000000001
3012,0,2.8750612633917,750.0000000000001
3014,4,2.5167052177056703,328.6284948466623
3018,2,1.5115269431215625,32.4733387622348
3021,0,2.8750612633917,750.0000000000001
3022,0,2.510817264787549,324.2031758237441
3025,0,2.8750612633917,750.0000000000001
3026,4,2.8750612633917,750.0000000000001
3027,3,2.8750612633917,750.0000000000001
3028,0,2.510817264787549,324.2031758237441
3029,0,2.8750612633917,750.0000000000001
3030,4,2.717720975595996,522.060669030022
3035,4,2.0401370523128657,109.68242714285337
3036,3,2.0250012567188085,105.9256790346341
3037,1,2.3881431021642614,244.42358077192824
3071,0,1.7575425894129995,57.21930644416314
3072,2,2.2173625077927364,164.95386953038147
3074,3,2.201424660851376,159.0100817473078
3075,3,2.201424660851376,159.0100817473078
3076,4,1.9217001716882165,83.50263335401748
3078,0,1.9346910274039628,86.03814283375232
3080,4,2.135766098634401,136.69923955474025
3081,3,1.6767478332882033,47.50593096369346
3082,2,2.2173625077927364,164.95386953038147
3083,4,2.453209675665087,283.92894953707355
3084,3,2.549499285131211,354.404546914249
3085,3,2.549499285131211,354.404546914249
3087,2,2.8144882200348067,652.3613458662387
3089,2,2.8144882200348067,652.3613458662387
3090,4,2.135766098634401,136.69923955474025
3091,3,1.6767478332882033,47.50593096369346
3092,1,1.6330016147913196,42.95380238678019
3093,4,2.135766098634401,136.69923955474025
3094,1,2.9170211133786026,826.0781086780653
3095,0,2.7273399563030485,533.7525419197577
3096,0,2.7273399563030485,533.7525419197577
3097,4,2.979866671941392,954.6994490600123
3106,4,3.747203620094173,5587.320963278353
3107,2,3.0522417133347726,1127.8249900311107
3108,4,3.747203620094173,5587.320963278353
3109,1,3.1444374866532354,1394.5609068871297
3110,2,2.669757663451307,467.47421763756586
3111,4,2.875370793113353,750.5347294253352
3112,4,2.875370793113353,750.5347294253352
3113,1,2.3881431021642614,244.42358077192824
3119,1,1.422958974210123,26.482499588721844
3120,2,1.9838435882882417,96.3481961872515
3121,3,2.201424660851376,159.0100817473078
3122,2,1.9838435882882417,96.3481961872515
3123,2,1.9838435882882417,96.3481961872515
3126,3,2.0250012567188085,105.9256790346341
3127,1,1.8405277374218978,69.26721674542281
3128,4,2.0401370523128657,109.68242714285337
3129,3,2.0250012567188085,105.9256790346341
3130,3,2.0250012567188085,105.9256790346341
3131,1,1.8405277374218978,69.26721674542281
3132,4,2.0401370523128657,109.68242714285337
3133,4,2.0401370523128657,109.68242714285337
3134,3,2.0250012567188085,105.9256790346341
3138,2,1.7582291840206825,57.30983842210225
3139,1,1.8405277374218978,69.26721674542281
3140,3,2.0250012567188085,105.9256790346341
3142,4,2.3990882492469847,250.6618549685468
3145,4,1.026231409496737,10.622614218648302
3146,3,0.9770923599474419,9.486201817156935
3147,0,0.9838956550810477,9.635974789352755
3148,4,1.026231409496737,10.622614218648302
3149,1,1.017715684338616,10.416352881289047
3150,0,0.9838956550810477,9.635974789352755
3151,4,1.026231409496737,10.622614218648302
3153,1,1.017715684338616,10.416352881289047
3154,0,0.9838956550810477,9.635974789352755
3155,1,1.017715684338616,10.416352881289047
3157,4,3.747203620094173,5587.320963278353
3159,4,2.46146325778085,289.37649881539926
3160,1,1.017715684338616,10.416352881289047
3161,2,0.9148329630487017,8.2192646242454
3162,4,1.026231409496737,10.622614218648302
3181,4,3.683441430843259,4824.379138699105
3182,1,3.679038262231035,4775.71346815538
3184,4,3.683441430843259,4824.379138699105
3209,3,2.0250012567188085,105.9256790346341
3210,2,2.742308856342327,552.4701987368879
3211,4,2.979866671941392,954.6994490600123
3213,4,2.979866671941392,954.6994490600123
3215,2,2.742308856342327,552.4701987368879
3225,2,3.3080399481615186,2032.5439639454742
3226,0,3.9187349233233317,8293.444130141108
3227,3,3.9801127852286964,9552.406274974583
3266,3,3.0358718369720075,1086.1050598977604
3267,0,2.7273399563030485,533.7525419197577
3268,4,2.979866671941392,954.6994490600123
3269,3,3.0358718369720075,1086.1050598977604
3270,2,3.161965838394803,1451.997398975998
3272,2,3.161965838394803,1451.997398975998
3273,0,2.939989773741071,870.9430817647534
3331,2,1.6667825502850344,46.428275227974936
3332,3,1.6859302436681087,48.521055943621164
3333,1,1.701232489488692,50.26115789810959
3334,1,1.701232489488692,50.26115789810959
3351,3,3.103125941390822,1268.0195265038942
3352,3,3.103125941390822,1268.0195265038942
3381,0,2.9578426710339016,907.4917196496291
3386,1,1.422958974210123,26.482499588721844
3387,0,2.88561769460614,768.4536798289381
3388,4,1.9217001716882165,83.50263335401748
3389,2,2.867145533190215,736.4538437139538
3390,3,2.9186418346981005,829.1666666666663
3391,2,2.867145533190215,736.4538437139538
3392,2,2.867145533190215,736.4538437139538
3393,3,2.9186418346981005,829.1666666666663
3395,2,2.867145533190215,736.4538437139538
3396,0,2.9910788484629727,979.6678331464973
3398,2,2.867145533190215,736.4538437139538
3399,3,2.9186418346981005,829.1666666666663
3400,2,2.867145533190215,736.4538437139538
3402,0,2.9910788484629727,979.6678331464973
3403,0,2.88561769460614,768.4536798289381
3404,3,2.9186418346981005,829.1666666666663
3405,0,2.9910788484629727,979.6678331464973
3406,0,2.88561769460614,768.4536798289381
3407,2,2.867145533190215,736.4538437139538
3408,1,1.0243408475367508,10.576472573457044
3409,0,1.0374856287543512,10.901484176695265
3410,3,1.0537873739539394,11.318460875302723
3411,0,2.2655817243405694,184.32393120391782
3413,3,1.0537873739539394,11.318460875302723
3414,3,1.0537873739539394,11.318460875302723
3423,2,3.1008004216023557,1261.2477997051546
3425,1,2.239865128900632,173.72612346989874
3426,1,2.239865128900632,173.72612346989874
3427,1,2.239865128900632,173.72612346989874
3428,2,2.2173625077927364,164.95386953038147
3453,0,2.120007839785754,131.82805356436634
3454,2,2.366626227932613,232.60884665375394
3455,0,2.120007839785754,131.82805356436634
3456,3,2.3915252158031057,246.33448596603264
3459,1,2.3466603044763317,222.15715468392108
3460,0,2.120007839785754,131.82805356436634
3461,4,1.7518993460985584,56.480605783305045
3462,4,1.7518993460985584,56.480605783305045
3463,0,2.120007839785754,131.82805356436634
3466,4,1.7518993460985584,56.480605783305045
3467,1,2.3466603044763317,222.15715468392108
3470,2,2.366626227932613,232.60884665375394
3471,1,2.3466603044763317,222.15715468392108
3472,3,2.3915252158031057,246.33448596603264
3483,1,1.422958974210123,26.482499588721844
3487,3,2.724731870292092,530.5567818627877
3488,1,2.239865128900632,173.72612346989874
3495,4,2.1076501029951054,128.1297866486608
3497,0,2.9910788484629727,979.6678331464973
3528,2,1.6667825502850344,46.428275227974936
3533,1,2.647332077508646,443.9479731056326
3547,2,0.9705452662308881,9.344267578739537
3566,3,2.9186418346981005,829.1666666666663
3570,2,2.2173625077927364,164.95386953038147
3612,3,2.789777372794819,616.2790051128017
3619,1,1.701232489488692,50.26115789810959
3620,2,2.654086009761155,450.90599528428356
3621,2,2.654086009761155,450.90599528428356
3623,3,2.724731870292092,530.5567818627877
3624,1,2.647332077508646,443.9479731056326
3626,0,1.9045433064266895,80.2681597668235
3628,3,2.398917021984805,250.56304716624527
3629,3,1.6859302436681087,48.521055943621164
3630,4,2.5876631580116913,386.95740149992
3631,4,2.5876631580116913,386.95740149992
3632,0,2.255650153383039,180.1565901868612
3633,0,2.255650153383039,180.1565901868612
3635,4,3.477286496440634,3001.1416665490024
3639,1,3.1444374866532354,1394.5609068871297
3640,4,1.8206999480221715,66.17591395040895
3641,3,3.1554667983670166,1430.430620812279
3642,4,1.8206999480221715,66.17591395040895
3649,4,2.5876631580116913,386.95740149992
3651,2,3.3247528807280053,2112.2867788602043
3653,1,2.4925089522519337,310.8199972405538
3654,1,2.239865128900632,173.72612346989874
3655,3,2.103161624926483,126.81237168189737
3658,3,2.103161624926483,126.81237168189737
3660,0,3.0956202392057337,1246.2932395056787
3662,2,2.2173625077927364,164.95386953038147
3664,1,2.129431515086868,134.71982657461527
3665,1,2.6561058060128513,453.00793158169887
3667,1,1.7961020200663724,62.531956927113015
3668,4,1.4583365471887404,28.73006094024454
3669,4,2.4147339820937126,259.85673780574115
3671,1,1.1530740844955034,14.225714369907461
3674,4,1.7960483743009799,62.52423321047831
3676,1,1.422958974210123,26.482499588721844
3687,1,1.7961020200663724,62.531956927113015
3694,4,1.0835903455747298,12.122448438695702
3696,1,1.1530740844955034,14.225714369907461
3697,0,2.8652786367515284,733.2948531016762
3699,2,1.9838435882882417,96.3481961872515
3700,1,2.239865128900632,173.72612346989874
3702,1,1.1530740844955034,14.225714369907461
3703,4,3.2957568213963673,1975.8629667270213
3704,4,3.0629520662332155,1155.9846473024677
3709,3,3.198964493262751,1581.118766010122
3710,1,2.8532849391067936,713.3208839947794
3713,2,2.4967250887424295,313.8521360323971
3714,0,2.459697961220153,288.2026443070619
3715,2,1.9838435882882417,96.3481961872515
3716,3,2.103161624926483,126.81237168189737
3718,0,2.459697961220153,288.2026443070619
3720,2,2.4967250887424295,313.8521360323971
3721,3,2.652707340412053,449.4768622220745
3722,4,2.7981577441494294,628.2865231820581
3723,1,2.129431515086868,134.71982657461527
3724,4,2.5953988189680217,393.91164423159495
3725,4,2.135766098634401,136.69923955474025
3726,1,2.129431515086868,134.71982657461527
3728,2,2.912358911326309,817.2574934519133
3743,1,2.8100386387848393,645.7116748592695
3745,0,2.459697961220153,288.2026443070619
3746,1,2.8532849391067936,713.3208839947794
3747,1,2.6561058060128513,453.00793158169887
3751,0,2.459697961220153,288.2026443070619
3763,0,2.187687817875738,154.05926369363925
3767,4,2.4147339820937126,259.85673780574115
3769,3,2.500198354430569,316.3722290653567
3785,3,2.500198354430569,316.3722290653567
3787,2,2.4967250887424295,313.8521360323971
3788,3,2.103161624926483,126.81237168189737
3793,4,3.1236674624932426,1329.436084393912
3799,3,2.652707340412053,449.4768622220745
3800,3,2.652707340412053,449.4768622220745
3801,1,2.8532849391067936,713.3208839947794
3802,3,2.2190002942587053,165.57710853462984
3806,1,2.4925089522519337,310.8199972405538
3809,3,2.500198354430569,316.3722290653567
3814,2,2.4967250887424295,313.8521360323971
3816,1,2.4925089522519337,310.8199972405538
3819,0,3.0956202392057337,1246.2932395056787
3824,1,1.1530740844955034,14.225714369907461
3829,3,2.2190002942587053,165.57710853462984
3834,4,1.7960483743009799,62.52423321047831
3840,2,2.150139236769425,141.29904831328307
3845,3,1.149827623006741,14.119770017896965
3847,1,1.860058470380946,72.45334996474361
3848,0,0.9128226116577989,8.18130553021885
3851,4,2.5167052177056703,328.6284948466623
3853,2,1.9838435882882417,96.3481961872515
3854,1,2.129431515086868,134.71982657461527
3855,0,2.459697961220153,288.2026443070619
3858,3,1.470666901725966,29.557445789195143
3860,3,1.7937260402372779,62.1907852189939
3862,4,2.1076501029951054,128.1297866486608
3864,2,2.912358911326309,817.2574934519133
3865,3,2.2190002942587053,165.57710853462984
3866,0,2.459697961220153,288.2026443070619
3870,4,2.5167052177056703,328.6284948466623
3871,3,1.7447194108037036,55.5545214367353
3873,1,2.4925089522519337,310.8199972405538
3874,0,1.3808752541940525,24.036722752232304
3877,4,2.778562633143114,600.5686155519466
3878,4,1.8913416818340332,77.8648913318399
3886,4,2.1076501029951054,128.1297866486608
3887,1,1.422958974210123,26.482499588721844
3889,1,1.7961020200663724,62.531956927113015
3891,3,2.103161624926483,126.81237168189737
3892,4,1.7960483743009799,62.52423321047831
3893,3,2.500198354430569,316.3722290653567
3894,3,2.2190002942587053,165.57710853462984
3896,4,2.9426736986385134,876.3421457584075
3897,0,2.048794852820405,111.89092207670895
3899,1,2.6561058060128513,453.00793158169887
3900,2,1.7594542978807057,57.471733642304656
3903,3,2.103161624926483,126.81237168189737
3905,4,2.1076501029951054,128.1297866486608
3909,0,2.187687817875738,154.05926369363925
3910,0,0.9128226116577989,8.18130553021885
3913,2,2.2173625077927364,164.95386953038147
3914,1,1.1530740844955034,14.225714369907461
3916,0,2.459697961220153,288.2026443070619
3917,3,2.103161624926483,126.81237168189737
3920,0,3.0956202392057337,1246.2932395056787
3923,1,2.129431515086868,134.71982657461527
3954,1,1.7961020200663724,62.531956927113015
3972,1,2.129431515086868,134.71982657461527
3974,2,1.9838435882882417,96.3481961872515
3978,0,1.7812326412081179,60.427223693646106
3983,3,2.103161624926483,126.81237168189737
3984,0,1.3808752541940525,24.036722752232304
3987,0,3.2316693329225408,1704.783890890797
3988,2,2.64994366199531,446.6256507513567
3989,3,2.500198354430569,316.3722290653567
4001,4,2.5167052177056703,328.6284948466623
4003,4,3.1236674624932426,1329.436084393912
4007,2,2.4967250887424295,313.8521360323971
4009,3,2.103161624926483,126.81237168189737
4011,3,2.500198354430569,316.3722290653567
4012,3,3.198964493262751,1581.118766010122
4014,3,2.500198354430569,316.3722290653567
4017,1,2.129431515086868,134.71982657461527
4022,4,2.4147339820937126,259.85673780574115
4023,4,2.5167052177056703,328.6284948466623
4024,4,2.5167052177056703,328.6284948466623
4025,4,1.8913416818340332,77.8648913318399
4026,0,2.459697961220153,288.2026443070619
4028,4,2.887680426479985,772.1122209177003
4029,3,2.925433822384494,842.2360420761596
4030,0,2.187687817875738,154.05926369363925
4032,1,2.6561058060128513,453.00793158169887
4035,1,3.125657431720073,1335.5416355755656
4036,4,3.747203620094173,5587.320963278353
4042,0,3.3814781691348594,2407.011521738806
4044,1,2.129431515086868,134.71982657461527
4048,2,2.950373918603746,892.0186172649014
4049,4,1.4583365471887404,28.73006094024454
4050,1,1.860058470380946,72.45334996474361
4052,3,3.345817550566486,2217.264739341823
4055,4,2.5167052177056703,328.6284948466623
4060,0,2.187687817875738,154.05926369363925
4064,3,2.2190002942587053,165.57710853462984
4066,1,2.129431515086868,134.71982657461527
4067,0,2.459697961220153,288.2026443070619
4069,2,1.7594542978807057,57.471733642304656
4070,3,1.470666901725966,29.557445789195143
4071,0,2.459697961220153,288.2026443070619
4073,1,1.1530740844955034,14.225714369907461
4078,1,1.422958974210123,26.482499588721844
4089,4,1.7960483743009799,62.52423321047831
4098,3,1.149827623006741,14.119770017896965
4100,1,2.6561058060128513,453.00793158169887
4101,1,1.860058470380946,72.45334996474361
4102,2,2.2173625077927364,164.95386953038147
4103,1,2.129431515086868,134.71982657461527
4104,3,1.149827623006741,14.119770017896965
4105,4,3.2957568213963673,1975.8629667270213
4106,0,3.0956202392057337,1246.2932395056787
4107,3,2.652707340412053,449.4768622220745
4108,4,2.1076501029951054,128.1297866486608
4109,3,2.652707340412053,449.4768622220745
4111,1,2.8100386387848393,645.7116748592695
4112,4,2.7981577441494294,628.2865231820581
4114,0,2.459697961220153,288.2026443070619
4116,2,2.2173625077927364,164.95386953038147
4118,1,2.129431515086868,134.71982657461527
4120,0,2.459697961220153,288.2026443070619
4121,4,2.9426736986385134,876.3421457584075
4122,2,2.4967250887424295,313.8521360323971
4123,4,2.5953988189680217,393.91164423159495
4124,0,2.8631324659797515,729.6800390819204
4127,4,2.135766098634401,136.69923955474025
4128,2,1.9838435882882417,96.3481961872515
4130,4,2.887680426479985,772.1122209177003
4134,4,2.242951014890112,174.96493303758132
4145,3,3.198964493262751,1581.118766010122
4146,1,2.911250766522113,815.1748392833291
4147,0,2.459697961220153,288.2026443070619
4153,1,2.6561058060128513,453.00793158169887
4165,4,2.1076501029951054,128.1297866486608
4168,4,2.1076501029951054,128.1297866486608
4169,2,2.4967250887424295,313.8521360323971
4173,4,1.7960483743009799,62.52423321047831
4187,2,2.4967250887424295,313.8521360323971
4189,1,2.4925089522519337,310.8199972405538
4190,0,2.048794852820405,111.89092207670895
4196,2,1.9838435882882417,96.3481961872515
4201,1,2.6561058060128513,453.00793158169887
4202,3,2.652707340412053,449.4768622220745
4203,0,2.8631324659797515,729.6800390819204
4204,2,2.2173625077927364,164.95386953038147
4208,2,2.4967250887424295,313.8521360323971
4211,4,2.5167052177056703,328.6284948466623
4216,3,2.500198354430569,316.3722290653567
4218,0,2.459697961220153,288.2026443070619
4220,3,2.846385922672323,702.0789025140236
4221,4,3.0629520662332155,1155.9846473024677
4226,2,0.9705452662308881,9.344267578739537
4231,0,2.459697961220153,288.2026443070619
4236,4,1.7960483743009799,62.52423321047831
4242,2,2.150139236769425,141.29904831328307
4247,4,1.282908726264238,19.182655449823073
4250,2,0.9705452662308881,9.344267578739537
4253,4,2.5167052177056703,328.6284948466623
4255,0,1.7812326412081179,60.427223693646106
4257,3,2.652707340412053,449.4768622220745
4260,0,1.3808752541940525,24.036722752232304
4262,4,1.7960483743009799,62.52423321047831
4264,0,2.149540268078966,141.10430632628356
4266,2,2.912358911326309,817.2574934519133
4267,3,2.2190002942587053,165.57710853462984
4268,1,2.239865128900632,173.72612346989874
4272,4,2.5167052177056703,328.6284948466623
4275,4,2.5953988189680217,393.91164423159495
4280,1,1.860058470380946,72.45334996474361
4286,2,0.9705452662308881,9.344267578739537
4288,2,2.150139236769425,141.29904831328307
4289,0,1.3808752541940525,24.036722752232304
4291,1,1.7961020200663724,62.531956927113015
4293,2,2.150139236769425,141.29904831328307
4294,3,1.7937260402372779,62.1907852189939
4295,0,2.459697961220153,288.2026443070619
4296,0,2.459697961220153,288.2026443070619
4298,4,2.9426736986385134,876.3421457584075
4299,3,2.103161624926483,126.81237168189737
4300,3,2.500198354430569,316.3722290653567
4302,2,1.7594542978807057,57.471733642304656
4305,0,2.187687817875738,154.05926369363925
4307,2,1.9838435882882417,96.3481961872515
4311,3,2.103161624926483,126.81237168189737
4312,3,1.149827623006741,14.119770017896965
4315,0,2.459697961220153,288.2026443070619
4318,0,2.459697961220153,288.2026443070619
4319,2,2.150139236769425,141.29904831328307
4322,4,3.0629520662332155,1155.9846473024677
4325,1,2.129431515086868,134.71982657461527
4356,3,1.7937260402372779,62.1907852189939
4376,0,2.048794852820405,111.89092207670895
4385,1,2.129431515086868,134.71982657461527
4386,3,1.470666901725966,29.557445789195143
4389,3,3.198964493262751,1581.118766010122
4390,2,2.64994366199531,446.6256507513567
4391,4,2.5167052177056703,328.6284948466623
4405,2,3.2451581274941557,1758.5637940197812
4409,3,2.500198354430569,316.3722290653567
4413,0,2.459697961220153,288.2026443070619
4414,1,3.125657431720073,1335.5416355755656
4419,3,2.103161624926483,126.81237168189737
4420,2,2.2173625077927364,164.95386953038147
4424,0,2.459697961220153,288.2026443070619
4425,2,2.4967250887424295,313.8521360323971
4426,0,2.459697961220153,288.2026443070619
4427,4,1.8913416818340332,77.8648913318399
4428,3,2.2190002942587053,165.57710853462984
4430,1,3.125657431720073,1335.5416355755656
4432,2,2.150139236769425,141.29904831328307
4434,0,2.459697961220153,288.2026443070619
4438,2,3.161965838394803,1451.997398975998
4446,4,2.1076501029951054,128.1297866486608
4448,3,3.198964493262751,1581.118766010122
4450,4,2.9426736986385134,876.3421457584075
4451,3,1.470666901725966,29.557445789195143
4452,3,2.103161624926483,126.81237168189737
4454,0,3.3814781691348594,2407.011521738806
4456,1,3.360612666485886,2294.101698687811
4457,0,2.459697961220153,288.2026443070619
4459,1,2.129431515086868,134.71982657461527
4462,1,2.129431515086868,134.71982657461527
4464,0,3.0956202392057337,1246.2932395056787
4466,2,2.2173625077927364,164.95386953038147
4468,4,2.1076501029951054,128.1297866486608
4469,0,2.459697961220153,288.2026443070619
4471,3,1.7937260402372779,62.1907852189939
4472,3,1.470666901725966,29.557445789195143
4473,1,2.4925089522519337,310.8199972405538
4475,2,1.2787313327404588,18.999025810352563
4478,4,1.7960483743009799,62.52423321047831
4480,3,1.470666901725966,29.557445789195143
4491,3,1.7937260402372779,62.1907852189939
4498,1,1.1530740844955034,14.225714369907461
4500,2,1.2787313327404588,18.999025810352563
4502,3,2.652707340412053,449.4768622220745
4503,3,2.103161624926483,126.81237168189737
4506,3,1.149827623006741,14.119770017896965
4507,1,2.8100386387848393,645.7116748592695
4508,2,3.062291618939601,1154.2280357362174
4510,0,2.048794852820405,111.89092207670895
4511,2,2.64994366199531,446.6256507513567
4512,4,2.135766098634401,136.69923955474025
4513,4,3.1236674624932426,1329.436084393912
4514,2,2.8544713962250774,715.2722828132535
4516,2,2.4967250887424295,313.8521360323971
4517,4,2.5167052177056703,328.6284948466623
4518,1,2.239865128900632,173.72612346989874
4519,4,1.7960483743009799,62.52423321047831
4520,0,2.149540268078966,141.10430632628356
4523,4,2.9426736986385134,876.3421457584075
4524,1,2.4925089522519337,310.8199972405538
4527,3,2.103161624926483,126.81237168189737
4528,1,2.4925089522519337,310.8199972405538
4529,3,2.2190002942587053,165.57710853462984
4536,3,2.2190002942587053,165.57710853462984
4547,2,3.2451581274941557,1758.5637940197812
4548,1,2.911250766522113,815.1748392833291
4549,1,2.6561058060128513,453.00793158169887
4550,4,2.887680426479985,772.1122209177003
4555,2,2.64994366199531,446.6256507513567
4567,4,2.1076501029951054,128.1297866486608
4571,0,2.459697961220153,288.2026443070619
4575,3,1.7937260402372779,62.1907852189939
4589,4,2.5167052177056703,328.6284948466623
4591,3,2.500198354430569,316.3722290653567
4592,0,2.048794852820405,111.89092207670895
4597,1,3.0602339300734447,1148.7722340322468
4598,3,1.7447194108037036,55.5545214367353
4603,1,2.6561058060128513,453.00793158169887
4605,0,2.8631324659797515,729.6800390819204
4606,4,2.330788894485741,214.18492199567297
4610,2,2.4967250887424295,313.8521360323971
4613,0,2.459697961220153,288.2026443070619
4618,3,2.500198354430569,316.3722290653567
4620,2,2.4967250887424295,313.8521360323971
4623,0,3.0956202392057337,1246.2932395056787
4633,4,2.330788894485741,214.18492199567297
4638,0,1.7812326412081179,60.427223693646106
4644,3,2.103161624926483,126.81237168189737
4649,3,1.149827623006741,14.119770017896965
4651,2,1.9838435882882417,96.3481961872515
4652,0,0.9128226116577989,8.18130553021885
4657,2,1.9838435882882417,96.3481961872515
4658,0,2.048794852820405,111.89092207670895
4662,3,1.470666901725966,29.557445789195143
4664,3,1.7937260402372779,62.1907852189939
4666,2,2.150139236769425,141.29904831328307
4668,0,2.9113885837997766,815.4335646628192
4670,3,2.2190002942587053,165.57710853462984
4674,0,2.459697961220153,288.2026443070619
4675,2,1.9838435882882417,96.3481961872515
4677,1,2.4925089522519337,310.8199972405538
4678,0,1.3808752541940525,24.036722752232304
4682,1,1.860058470380946,72.45334996474361
4688,4,1.0835903455747298,12.122448438695702
4689,1,2.911250766522113,815.1748392833291
4690,3,2.103161624926483,126.81237168189737
4691,4,1.4583365471887404,28.73006094024454
4693,0,1.7812326412081179,60.427223693646106
4695,3,2.103161624926483,126.81237168189737
4696,0,1.7812326412081179,60.427223693646106
4697,3,2.500198354430569,316.3722290653567
4701,3,2.103161624926483,126.81237168189737
4702,1,2.4925089522519337,310.8199972405538
4707,4,2.1076501029951054,128.1297866486608
4709,4,2.1076501029951054,128.1297866486608
4713,1,2.129431515086868,134.71982657461527
4717,0,2.459697961220153,288.2026443070619
4718,0,0.9128226116577989,8.18130553021885
4724,3,3.0627292327777176,1155.3916718188866
4725,0,2.048794852820405,111.89092207670895
4776,4,2.1076501029951054,128.1297866486608
4778,2,1.9838435882882417,96.3481961872515
4782,2,1.7594542978807057,57.471733642304656
4787,1,2.129431515086868,134.71982657461527
4792,2,2.64994366199531,446.6256507513567
4805,0,2.459697961220153,288.2026443070619
4807,4,3.1236674624932426,1329.436084393912
4815,1,2.4925089522519337,310.8199972405538
4816,3,3.198964493262751,1581.118766010122
4821,3,2.103161624926483,126.81237168189737
4822,1,2.239865128900632,173.72612346989874
4827,0,2.459697961220153,288.2026443070619
4828,3,2.500198354430569,316.3722290653567
4829,4,1.8913416818340332,77.8648913318399
4830,2,2.2173625077927364,164.95386953038147
4832,1,3.125657431720073,1335.5416355755656
4833,0,2.932697969888204,856.4420254380345
4836,3,2.652707340412053,449.4768622220745
4839,3,2.789777372794819,616.2790051128017
4840,2,3.161965838394803,1451.997398975998
4846,4,3.0629520662332155,1155.9846473024677
4850,3,3.198964493262751,1581.118766010122
4852,4,2.9426736986385134,876.3421457584075
4856,4,3.747203620094173,5587.320963278353
4858,1,3.360612666485886,2294.101698687811
4859,2,2.4967250887424295,313.8521360323971
4860,1,2.239865128900632,173.72612346989874
4861,2,2.150139236769425,141.29904831328307
4864,4,2.1076501029951054,128.1297866486608
4866,3,3.0627292327777176,1155.3916718188866
4870,2,1.9838435882882417,96.3481961872515
4874,1,1.422958974210123,26.482499588721844
4875,2,2.4967250887424295,313.8521360323971
4877,0,1.2975597806112922,19.840827469204783
4880,4,1.7960483743009799,62.52423321047831
4882,3,1.470666901725966,29.557445789195143
4893,1,1.7961020200663724,62.531956927113015
4902,4,1.282908726264238,19.182655449823073
4903,1,2.8532849391067936,713.3208839947794
4904,0,2.459697961220153,288.2026443070619
4905,4,1.8913416818340332,77.8648913318399
4907,1,2.129431515086868,134.71982657461527
4909,1,2.8100386387848393,645.7116748592695
4910,3,3.0627292327777176,1155.3916718188866
4911,2,2.64994366199531,446.6256507513567
4912,4,2.1076501029951054,128.1297866486608
4913,1,2.6561058060128513,453.00793158169887
4914,2,2.2173625077927364,164.95386953038147
4915,1,2.8100386387848393,645.7116748592695
4916,3,2.846385922672323,702.0789025140236
4919,1,2.4925089522519337,310.8199972405538
4920,4,2.330788894485741,214.18492199567297
4921,0,1.7812326412081179,60.427223693646106
4922,3,2.103161624926483,126.81237168189737
4924,3,2.652707340412053,449.4768622220745
4925,3,2.903347970975165,800.4753652358418
4926,1,2.4925089522519337,310.8199972405538
4928,0,2.8631324659797515,729.6800390819204
4929,1,2.129431515086868,134.71982657461527
4931,1,2.239865128900632,173.72612346989874
4932,3,2.103161624926483,126.81237168189737
4934,0,2.9113885837997766,815.4335646628192
4949,4,3.2957568213963673,1975.8629667270213
4951,1,2.6561058060128513,453.00793158169887
4952,3,2.846385922672323,702.0789025140236
4957,3,2.652707340412053,449.4768622220745
4972,0,2.187687817875738,154.05926369363925
4973,3,2.500198354430569,316.3722290653567
4977,1,1.7961020200663724,62.531956927113015
4991,3,2.500198354430569,316.3722290653567
4993,2,2.4967250887424295,313.8521360323971
4994,0,2.048794852820405,111.89092207670895
4999,0,3.0956202392057337,1246.2932395056787
5005,1,2.6561058060128513,453.00793158169887
5006,2,2.64994366199531,446.6256507513567
5007,4,2.7981577441494294,628.2865231820581
5008,4,2.330788894485741,214.18492199567297
5015,2,2.4967250887424295,313.8521360323971
5020,1,2.4925089522519337,310.8199972405538
5022,1,2.4925089522519337,310.8199972405538
5024,3,2.846385922672323,702.0789025140236
5025,1,3.0602339300734447,1148.7722340322468
5035,1,2.239865128900632,173.72612346989874
5036,3,2.103161624926483,126.81237168189737
5046,1,2.129431515086868,134.71982657461527
5051,0,1.2975597806112922,19.840827469204783
5053,1,1.860058470380946,72.45334996474361
5054,4,1.0835903455747298,12.122448438695702
5057,0,2.459697961220153,288.2026443070619
5059,3,1.7937260402372779,62.1907852189939
5060,4,2.1076501029951054,128.1297866486608
5061,4,2.6756729157079424,473.88494939464425
5064,0,1.3808752541940525,24.036722752232304
5066,0,1.7812326412081179,60.427223693646106
5068,0,2.149540268078966,141.10430632628356
5070,0,2.9113885837997766,815.4335646628192
5071,4,2.330788894485741,214.18492199567297
5072,2,2.2173625077927364,164.95386953038147
5076,1,2.4925089522519337,310.8199972405538
5077,0,1.9339520349692216,85.89186542286583
5083,1,2.6561058060128513,453.00793158169887
5084,1,1.860058470380946,72.45334996474361
5090,4,1.0835903455747298,12.122448438695702
5091,1,2.911250766522113,815.1748392833291
5092,1,2.129431515086868,134.71982657461527
5095,2,1.7594542978807057,57.471733642304656
5098,1,1.7961020200663724,62.531956927113015
5102,3,2.925433822384494,842.2360420761596
5103,3,2.103161624926483,126.81237168189737
5104,0,2.459697961220153,288.2026443070619
5105,4,2.5953988189680217,393.91164423159495
5106,1,1.7961020200663724,62.531956927113015
5109,2,2.150139236769425,141.29904831328307
5111,0,2.048794852820405,111.89092207670895
5115,1,2.129431515086868,134.71982657461527
5116,4,1.0835903455747298,12.122448438695702
5119,3,2.2190002942587053,165.57710853462984
5120,1,1.1530740844955034,14.225714369907461
5126,4,3.0629520662332155,1155.9846473024677
5160,0,1.7812326412081179,60.427223693646106
5178,1,2.129431515086868,134.71982657461527
5180,2,1.9838435882882417,96.3481961872515
5184,1,1.7961020200663724,62.531956927113015
5189,4,2.1076501029951054,128.1297866486608
5193,2,3.2451581274941557,1758.5637940197812
5195,3,2.500198354430569,316.3722290653567
5201,1,2.239865128900632,173.72612346989874
5207,1,2.4925089522519337,310.8199972405538
5209,0,3.2316693329225408,1704.783890890797
5213,1,2.4925089522519337,310.8199972405538
5215,4,2.1076501029951054,128.1297866486608
5217,2,2.4967250887424295,313.8521360323971
5218,3,3.198964493262751,1581.118766010122
5220,0,2.459697961220153,288.2026443070619
5223,3,2.103161624926483,126.81237168189737
5224,1,2.239865128900632,173.72612346989874
5228,4,2.4147339820937126,259.85673780574115
5229,3,2.500198354430569,316.3722290653567
5230,4,2.5167052177056703,328.6284948466623
5232,1,2.239865128900632,173.72612346989874
5234,2,2.912358911326309,817.2574934519133
5235,3,2.925433822384494,842.2360420761596
5236,0,2.187687817875738,154.05926369363925
5241,4,3.2957568213963673,1975.8629667270213
5242,3,3.345817550566486,2217.264739341823
5250,3,2.103161624926483,126.81237168189737
5252,0,3.0956202392057337,1246.2932395056787
5254,2,2.950373918603746,892.0186172649014
5255,2,1.4954451970931033,31.292855672453637
5256,3,2.103161624926483,126.81237168189737
5257,0,1.2975597806112922,19.840827469204783
5258,2,3.161965838394803,1451.997398975998
5264,4,2.5876631580116913,386.95740149992
5270,0,2.854348372068881,715.0696937626249
5271,3,2.398917021984805,250.56304716624527
5272,3,2.294270927137666,196.91143046965402
5273,1,2.261112779936126,182.43694029080305
5274,3,2.398917021984805,250.56304716624527
5275,2,2.3050861243680734,201.87666629532484
5277,4,2.4990870004725947,315.5636716113485
5278,0,2.854348372068881,715.0696937626249
5279,2,2.3050861243680734,201.87666629532484
5281,1,2.261112779936126,182.43694029080305
5282,4,2.1205974063981654,132.0071352717222
5283,4,2.4990870004725947,315.5636716113485
5284,3,2.294270927137666,196.91143046965402
5285,2,1.190744695279959,15.514746906071485
5286,4,2.1205974063981654,132.0071352717222
5287,0,2.854348372068881,715.0696937626249
5288,1,2.261112779936126,182.43694029080305
5289,2,1.190744695279959,15.514746906071485
5290,3,2.398917021984805,250.56304716624527
5291,1,2.1979653545218265,157.7485422102766
5293,4,3.0254476661355705,1060.3461555938638
5294,3,3.279366718900993,1902.6842311648502
5295,2,3.1008004216023557,1261.2477997051546
5296,4,3.0254476661355705,1060.3461555938638
5297,0,2.9910788484629727,979.6678331464973
5299,0,2.854348372068881,715.0696937626249
5300,4,3.15998672265513,1445.395581123994
5301,1,3.2940996784595535,1968.3380071347574
5302,0,0.2922407750190758,1.9599309678234909
5303,3,0.3918085240281091,2.464952325488791
5311,4,0.3078084218321229,2.0314606850921137
5316,2,0.6021981013130263,4.001272242253361
5317,0,0.2922407750190758,1.9599309678234909
5319,4,0.3078084218321229,2.0314606850921137
5320,1,0.2495999224598986,1.7766419909971618
5328,4,0.3078084218321229,2.0314606850921137
5329,1,0.2495999224598986,1.7766419909971618
5332,2,0.6021981013130263,4.001272242253361
5334,1,0.2495999224598986,1.7766419909971618
5337,0,0.2922407750190758,1.9599309678234909
5345,2,0.6021981013130263,4.001272242253361
5346,4,0.3078084218321229,2.0314606850921137
5349,3,0.3918085240281091,2.464952325488791
5350,4,0.3078084218321229,2.0314606850921137
5351,2,0.6021981013130263,4.001272242253361
5354,2,1.190744695279959,15.514746906071485
5362,4,0.3078084218321229,2.0314606850921137
5363,4,0.3078084218321229,2.0314606850921137
5367,3,0.3918085240281091,2.464952325488791
5368,1,0.2495999224598986,1.7766419909971618
5379,0,0.2922407750190758,1.9599309678234909
5383,3,0.3918085240281091,2.464952325488791
5384,0,0.2922407750190758,1.9599309678234909
5385,1,0.2495999224598986,1.7766419909971618
5388,3,2.327641216484489,212.6381653395276
5396,4,2.478704852735322,301.095907582799
5397,3,2.327641216484489,212.6381653395276
5401,3,2.327641216484489,212.6381653395276
5404,4,2.092752419325448,123.80905801171485
5405,2,2.093417984373306,123.99894335320595
5413,2,2.093417984373306,123.99894335320595
5414,1,2.1600646422568337,144.56549322247886
5417,1,2.1600646422568337,144.56549322247886
5418,2,2.093417984373306,123.99894335320595
5419,4,2.092752419325448,123.80905801171485
5421,0,2.048794852820405,111.89092207670895
5422,2,2.093417984373306,123.99894335320595
5430,0,2.048794852820405,111.89092207670895
5431,3,2.327641216484489,212.6381653395276
5435,2,2.093417984373306,123.99894335320595
5439,4,3.15998672265513,1445.395581123994
5447,4,3.15998672265513,1445.395581123994
5448,2,3.456170612492499,2858.713367732903
5451,3,3.2728151411669364,1874.1965804998572
5452,2,3.456170612492499,2858.713367732903
5453,1,3.2940996784595535,1968.3380071347574
5455,0,3.135622242822465,1366.5396676321375
5456,3,3.2728151411669364,1874.1965804998572
5464,0,3.135622242822465,1366.5396676321375
5465,2,3.456170612492499,2858.713367732903
5468,1,3.2940996784595535,1968.3380071347574
5469,4,3.15998672265513,1445.395581123994
5470,2,3.456170612492499,2858.713367732903
5472,1,3.3566622626747753,2273.328845962364
5475,1,3.3566622626747753,2273.328845962364
5481,4,3.477286496440634,3001.1416665490024
5486,4,3.477286496440634,3001.1416665490024
5487,4,1.8206999480221715,66.17591395040895
5489,0,3.4392056269147715,2749.195516134731
5490,0,3.4392056269147715,2749.195516134731
5491,1,3.3566622626747753,2273.328845962364
5492,1,3.3566622626747753,2273.328845962364
5493,3,3.3931494044310218,2472.5746049747986
5494,2,3.4142611390471935,2595.7396979439236
5495,2,3.4142611390471935,2595.7396979439236
5496,3,3.103125941390822,1268.0195265038942
5497,4,3.477286496440634,3001.1416665490024
5498,2,3.4142611390471935,2595.7396979439236
5500,3,3.3931494044310218,2472.5746049747986
5503,2,3.4142611390471935,2595.7396979439236
5504,1,3.3566622626747753,2273.328845962364
5505,0,3.4392056269147715,2749.195516134731
5506,4,3.477286496440634,3001.1416665490024
5507,0,3.4392056269147715,2749.195516134731
5508,1,3.3566622626747753,2273.328845962364
5509,4,3.477286496440634,3001.1416665490024
5510,0,3.4392056269147715,2749.195516134731
5512,4,3.477286496440634,3001.1416665490024
5515,2,3.4142611390471935,2595.7396979439236
5516,4,3.477286496440634,3001.1416665490024
5517,3,3.3931494044310218,2472.5746049747986
5519,4,3.477286496440634,3001.1416665490024
5521,3,3.3931494044310218,2472.5746049747986
5525,3,3.3931494044310218,2472.5746049747986
5526,2,3.4142611390471935,2595.7396979439236
5536,2,3.4142611390471935,2595.7396979439236
5539,1,3.3566622626747753,2273.328845962364
5540,1,3.3566622626747753,2273.328845962364
5547,1,3.3566622626747753,2273.328845962364
5549,2,3.4142611390471935,2595.7396979439236
5550,3,3.3931494044310218,2472.5746049747986
5552,2,3.4142611390471935,2595.7396979439236
5555,2,3.4142611390471935,2595.7396979439236
5558,4,3.477286496440634,3001.1416665490024
5559,4,3.477286496440634,3001.1416665490024
5561,3,3.3931494044310218,2472.5746049747986
5563,4,2.762341955709182,578.551409144498
5568,0,3.4392056269147715,2749.195516134731
5569,1,3.3566622626747753,2273.328845962364
5571,0,3.4392056269147715,2749.195516134731
5574,0,3.4392056269147715,2749.195516134731
5576,3,3.3931494044310218,2472.5746049747986
5579,2,3.4142611390471935,2595.7396979439236
5819,4,1.3028517015112748,20.084068850265805
5821,4,1.3028517015112748,20.084068850265805
5823,0,2.1303938570617684,135.01867976236883
5824,0,2.1303938570617684,135.01867976236883
5825,2,1.9838435882882417,96.3481961872515
5827,4,2.676821884485625,475.1403185180235
5828,0,1.0485845369501783,11.18367497569621
5829,4,0.46508784136248804,2.918017158921819
5830,0,1.0485845369501783,11.18367497569621
5831,0,1.0485845369501783,11.18367497569621
5832,3,0.33486050683771357,2.162023981166576
5834,1,2.3881431021642614,244.42358077192824
5836,0,1.0485845369501783,11.18367497569621
5891,2,0.6021981013130263,4.001272242253361
5892,1,2.261112779936126,182.43694029080305
5893,3,3.279366718900993,1902.6842311648502
5894,0,1.9045433064266895,80.2681597668235
5895,1,3.293513742642868,1965.684180929244
5896,2,2.55360793862405,357.77330974253454
5897,1,2.6767573784967444,475.06975091629863
5898,2,2.55360793862405,357.77330974253454
5925,1,1.121399674751548,13.225121625950326
5926,4,1.3028517015112748,20.084068850265805
5927,3,2.201424660851376,159.0100817473078
5928,1,2.1546997608156184,142.79064679585358
5929,1,1.860058470380946,72.45334996474361
5930,0,2.68760045419459,487.0801758912845
5931,1,2.892331119213382,780.4249032380328
5998,4,2.4990870004725947,315.5636716113485
5999,0,1.9045433064266895,80.2681597668235
6020,3,3.1556814846177725,1431.1379051909869
6021,1,1.9727657973841657,93.92166812281555
6023,4,2.014344888410595,103.35818833923393
6024,2,2.2639599017614054,183.6368784313667
6025,0,1.9897029617212376,97.65690623019789
6026,2,3.4813392588023078,3029.278892704742
6028,0,3.3371320399779387,2173.361852768559
6030,4,2.014344888410595,103.35818833923393
6031,1,1.9727657973841657,93.92166812281555
6033,2,2.2639599017614054,183.6368784313667
6034,2,2.2639599017614054,183.6368784313667
6035,3,2.317251380932146,207.61148789757289
6036,0,3.3371320399779387,2173.361852768559
6037,4,2.979866671941392,954.6994490600123
6038,3,2.317251380932146,207.61148789757289
6039,4,2.979866671941392,954.6994490600123
6040,3,0.33486050683771357,2.162023981166576
6041,2,1.7582291840206825,57.30983842210225
6042,4,2.014344888410595,103.35818833923393
6045,1,1.9727657973841657,93.92166812281555
6046,3,0.33486050683771357,2.162023981166576
6047,3,2.0250012567188085,105.9256790346341
6049,3,2.0250012567188085,105.9256790346341
6050,4,2.762341955709182,578.551409144498
6051,1,3.025556398424174,1060.611662762417
6052,2,3.3247528807280053,2112.2867788602043
6053,0,2.313562389609517,205.8554595871196
6055,1,2.3466603044763317,222.15715468392108
6056,2,2.366626227932613,232.60884665375394
6057,4,2.478704852735322,301.095907582799
6058,3,2.3915252158031057,246.33448596603264
6059,1,2.3466603044763317,222.15715468392108
6060,0,2.9578426710339016,907.4917196496291
6061,1,2.3816895563868425,240.8183388803921
6062,0,2.88561769460614,768.4536798289381
6064,4,2.973139258540227,940.0246855194146
6110,3,0.33486050683771357,2.162023981166576
6111,4,0.46508784136248804,2.918017158921819
6113,3,2.0250012567188085,105.9256790346341
6118,0,1.0485845369501783,11.18367497569621
6119,3,0.33486050683771357,2.162023981166576
6120,1,2.3881431021642614,244.42358077192824
6121,0,1.0485845369501783,11.18367497569621
6122,2,2.55360793862405,357.77330974253454
6124,2,2.55360793862405,357.77330974253454
6126,3,2.461365240504584,289.31119590024895
6133,4,2.1076501029951054,128.1297866486608
6137,1,2.239865128900632,173.72612346989874
6141,0,1.7575425894129995,57.21930644416314
6142,1,2.239865128900632,173.72612346989874
6143,1,2.239865128900632,173.72612346989874
6144,0,2.510817264787549,324.2031758237441
6145,4,2.717720975595996,522.060669030022
6182,1,1.701232489488692,50.26115789810959
6183,2,1.6667825502850344,46.428275227974936
6184,1,1.701232489488692,50.26115789810959
6185,3,2.327641216484489,212.6381653395276
6203,3,3.1931650368768985,1560.1452632596095
6204,2,3.3247528807280053,2112.2867788602043
6205,2,3.3247528807280053,2112.2867788602043
6206,2,3.3247528807280053,2112.2867788602043
6208,3,2.3915252158031057,246.33448596603264
6233,4,1.0835903455747298,12.122448438695702
6234,3,0.3918085240281091,2.464952325488791
6235,4,1.0835903455747298,12.122448438695702
6236,1,0.2495999224598986,1.7766419909971618
6237,4,2.478704852735322,301.095907582799
6240,4,1.0835903455747298,12.122448438695702
6241,0,0.9128226116577989,8.18130553021885
6242,2,0.6021981013130263,4.001272242253361
6243,1,0.2495999224598986,1.7766419909971618
6244,3,2.327641216484489,212.6381653395276
6245,3,2.327641216484489,212.6381653395276
6246,1,2.3816895563868425,240.8183388803921
6255,3,2.724731870292092,530.5567818627877
6256,1,2.647332077508646,443.9479731056326
6258,2,2.654086009761155,450.90599528428356
6259,3,2.724731870292092,530.5567818627877
6260,3,2.724731870292092,530.5567818627877
6261,2,2.654086009761155,450.90599528428356
6262,1,2.647332077508646,443.9479731056326
6331,4,1.3028517015112748,20.084068850265805
6332,4,1.3028517015112748,20.084068850265805
6334,3,2.0207156461703053,104.88554668310799
6335,1,2.366038264201381,232.2941453767465
6336,4,2.599337132992489,397.4999999999997
6337,1,2.6967626605302186,497.4651487991618
6339,3,1.2574016093103317,18.08846064444247
6340,3,1.2574016093103317,18.08846064444247
6342,1,1.121399674751548,13.225121625950326
6343,3,2.0207156461703053,104.88554668310799
6344,2,2.1139433523068356,129.99999999999966
6345,2,2.3374592612906566,217.50000000000026
6407,0,1.6283889300503116,42.50000000000001
6408,1,1.8626863235426552,72.89308375825021
6409,4,2.0641256080420853,115.91125499268347
6410,3,2.355321138109859,226.63195131869324
6411,4,2.599337132992489,397.4999999999997
6412,4,2.676821884485625,475.1403185180235
6413,2,3.0272774785308387,1064.8231355238297
6422,2,1.6283889300503107,42.49999999999992
6423,3,1.6283889300503107,42.49999999999992
6424,4,2.0641256080420853,115.91125499268347
6428,0,2.68760045419459,487.0801758912845
6429,1,2.892331119213382,780.4249032380328
6430,3,1.2574016093103317,18.08846064444247
6431,1,1.121399674751548,13.225121625950326
6432,2,1.9214768976877985,83.45971506679143
6433,0,2.1303938570617684,135.01867976236883
6434,3,2.355321138109859,226.63195131869324
6435,3,2.461365240504584,289.31119590024895
6436,1,2.6967626605302186,497.4651487991618
6437,0,2.9365419271570703,864.0560733630198
6449,0,1.1415455400756416,13.853054412976794
6450,4,1.3028517015112748,20.084068850265805
6452,0,2.1303938570617684,135.01867976236883
6453,0,2.1303938570617684,135.01867976236883
6454,4,2.599337132992489,397.4999999999997
6455,4,2.676821884485625,475.1403185180235
6456,4,2.8584620015722373,721.8749999999983
6465,0,1.1415455400756416,13.853054412976794
6466,0,1.1415455400756416,13.853054412976794
6467,0,2.1303938570617684,135.01867976236883
6468,2,2.1139433523068356,129.99999999999966
6469,2,2.3374592612906566,217.50000000000026
6470,2,2.55360793862405,357.77330974253454
6471,0,2.68760045419459,487.0801758912845
6472,4,2.8584620015722373,721.8749999999983
6473,4,1.7518993460985584,56.480605783305045
6474,2,1.6283889300503107,42.49999999999992
6475,4,2.0641256080420853,115.91125499268347
6476,1,2.1546997608156184,142.79064679585358
6477,4,2.3374592612906566,217.50000000000026
6478,0,2.599337132992489,397.4999999999997
6480,3,2.858462001572238,721.8749999999998
6481,2,1.6283889300503107,42.49999999999992
6482,2,1.6283889300503107,42.49999999999992
6483,0,1.9030899869919433,79.99999999999996
6484,1,2.1546997608156184,142.79064679585358
6486,4,2.599337132992489,397.4999999999997
6487,2,2.6959832199120943,496.57313469532147
6488,3,2.858462001572238,721.8749999999998
6520,4,1.7518993460985584,56.480605783305045
6521,4,2.0641256080420853,115.91125499268347
6522,2,2.1139433523068356,129.99999999999966
6523,4,2.3374592612906566,217.50000000000026
6524,0,2.599337132992489,397.4999999999997
6526,1,2.892331119213382,780.4249032380328
6553,2,1.9214768976877985,83.45971506679143
6554,1,2.1546997608156184,142.79064679585358
6555,3,2.355321138109859,226.63195131869324
6556,3,2.5929656006831427,391.71084949898983
6557,2,2.6959832199120943,496.57313469532147
6567,3,1.6859302436681087,48.521055943621164
6568,2,1.6667825502850344,46.428275227974936
6570,4,2.0641256080420853,115.91125499268347
6571,1,2.3374592612906566,217.50000000000026
6572,0,2.599337132992489,397.4999999999997
6573,4,2.676821884485625,475.1403185180235
6584,1,1.701232489488692,50.26115789810959
6585,0,1.9030899869919433,79.99999999999996
6586,1,2.1546997608156184,142.79064679585358
6588,3,2.5929656006831427,391.71084949898983
6589,3,2.6855567458522063,484.793452642671
6590,3,2.858462001572238,721.8749999999998
6591,0,1.6283889300503116,42.50000000000001
6592,3,2.398917021984805,250.56304716624527
6593,4,1.9217001716882165,83.50263335401748
6594,0,2.1139433523068365,129.99999999999991
6595,4,2.366038264201381,232.2941453767465
6596,1,2.163023470190575,145.5537738788487
6597,2,2.6959832199120943,496.57313469532147
6599,2,1.6667825502850344,46.428275227974936
6600,3,1.6859302436681087,48.521055943621164
6602,1,2.1546997608156184,142.79064679585358
6603,4,2.3374592612906566,217.50000000000026
6604,0,2.599337132992489,397.4999999999997
6605,0,2.68760045419459,487.0801758912845
6607,4,1.7518993460985584,56.480605783305045
6608,3,1.6859302436681087,48.521055943621164
6609,2,1.9214768976877985,83.45971506679143
6610,4,2.0641256080420853,115.91125499268347
6611,3,2.355321138109859,226.63195131869324
6612,2,2.599337132992489,397.4999999999997
6613,1,2.6967626605302186,497.4651487991618
6614,2,2.858462001572238,721.8749999999998
6615,0,1.6283889300503116,42.50000000000001
6616,1,1.701232489488692,50.26115789810959
6617,1,1.8626863235426552,72.89308375825021
6618,1,2.1546997608156184,142.79064679585358
6619,4,2.366038264201381,232.2941453767465
6620,3,2.5929656006831427,391.71084949898983
6621,1,2.6967626605302186,497.4651487991618
6622,1,2.892331119213382,780.4249032380328
6639,2,1.6667825502850344,46.428275227974936
6640,3,1.6859302436681087,48.521055943621164
6641,3,2.0207156461703053,104.88554668310799
6642,2,2.1139433523068356,129.99999999999966
6645,0,2.68760045419459,487.0801758912845
6646,2,2.858462001572238,721.8749999999998
6695,1,1.6283889300503107,42.49999999999992
6697,2,1.9214768976877985,83.45971506679143
6698,2,2.1139433523068356,129.99999999999966
6699,0,2.3800207757321075,239.89476768721747
6701,2,2.6959832199120943,496.57313469532147
6702,1,2.892331119213382,780.4249032380328
6704,3,1.6283889300503107,42.49999999999992
6705,2,1.9214768976877985,83.45971506679143
6706,3,2.0207156461703053,104.88554668310799
6707,2,2.3374592612906566,217.50000000000026
6708,1,2.6767573784967444,475.06975091629863
6709,4,2.676821884485625,475.1403185180235
6710,1,2.892331119213382,780.4249032380328
6735,0,1.6283889300503116,42.50000000000001
6736,3,1.6283889300503107,42.49999999999992
6737,1,1.8626863235426552,72.89308375825021
6738,0,2.1139433523068365,129.99999999999991
6739,0,2.3800207757321075,239.89476768721747
6740,2,2.55360793862405,357.77330974253454
6741,2,2.6959832199120943,496.57313469532147
6742,1,2.892331119213382,780.4249032380328
6743,2,1.6283889300503107,42.49999999999992
6744,4,1.7518993460985584,56.480605783305045
6745,2,1.9214768976877985,83.45971506679143
6747,1,2.3374592612906566,217.50000000000026
6749,4,2.676821884485625,475.1403185180235
6750,4,2.8584620015722373,721.8749999999983
6751,2,1.6283889300503107,42.49999999999992
6752,4,1.7518993460985584,56.480605783305045
6753,3,2.0207156461703053,104.88554668310799
6754,3,2.0207156461703053,104.88554668310799
6755,3,2.355321138109859,226.63195131869324
6756,2,2.599337132992489,397.4999999999997
6757,0,2.68760045419459,487.0801758912845
6758,2,2.858462001572238,721.8749999999998
6774,2,1.6283889300503107,42.49999999999992
6775,2,1.6283889300503107,42.49999999999992
6777,4,2.0641256080420853,115.91125499268347
6778,1,2.3374592612906566,217.50000000000026
6779,3,2.5929656006831427,391.71084949898983
6781,4,2.8584620015722373,721.8749999999983
6790,0,1.6283889300503116,42.50000000000001
6791,1,1.6283889300503107,42.49999999999992
6792,4,2.0641256080420853,115.91125499268347
6793,4,2.0641256080420853,115.91125499268347
6794,3,2.355321138109859,226.63195131869324
6796,0,2.68760045419459,487.0801758912845
6797,0,2.9365419271570703,864.0560733630198
6798,0,1.6283889300503116,42.50000000000001
6799,0,1.6283889300503116,42.50000000000001
6800,2,1.9214768976877985,83.45971506679143
6801,0,2.1139433523068365,129.99999999999991
6802,3,2.355321138109859,226.63195131869324
6803,1,2.6767573784967444,475.06975091629863
6804,3,2.6855567458522063,484.793452642671
6805,2,2.858462001572238,721.8749999999998
6807,2,1.6283889300503107,42.49999999999992
6808,2,1.9214768976877985,83.45971506679143
6809,0,2.1139433523068365,129.99999999999991
6810,3,2.355321138109859,226.63195131869324
6811,4,2.599337132992489,397.4999999999997
6812,0,2.68760045419459,487.0801758912845
6813,3,2.858462001572238,721.8749999999998
6814,2,1.6283889300503107,42.49999999999992
6815,1,1.6283889300503107,42.49999999999992
6818,1,2.3374592612906566,217.50000000000026
6819,3,2.5929656006831427,391.71084949898983
6820,0,2.68760045419459,487.0801758912845
6824,0,1.9030899869919433,79.99999999999996
6825,0,2.1139433523068365,129.99999999999991
6826,3,2.355321138109859,226.63195131869324
6827,3,2.5929656006831427,391.71084949898983
6828,0,2.68760045419459,487.0801758912845
6871,3,2.2190002942587053,165.57710853462984
6873,4,4.184062058804689,15277.843564230812
6916,1,2.239865128900632,173.72612346989874
6917,1,2.239865128900632,173.72612346989874
6925,0,2.510817264787549,324.2031758237441
6928,0,1.8282190406918832,67.33161642874495
6929,4,1.8206999480221715,66.17591395040895
6937,1,2.239865128900632,173.72612346989874
6940,3,2.2190002942587053,165.57710853462984
6941,2,2.2173625077927364,164.95386953038147
6949,0,2.510817264787549,324.2031758237441
6951,1,3.1444374866532354,1394.5609068871297
6952,4,2.717720975595996,522.060669030022
6953,4,3.747203620094173,5587.320963278353
7562,2,1.5115269431215625,32.4733387622348
7572,0,1.7575425894129995,57.21930644416314
7856,0,1.7575425894129995,57.21930644416314
7866,1,1.6330016147913196,42.95380238678019
8150,2,1.5115269431215625,32.4733387622348
8160,3,1.6767478332882033,47.50593096369346
8376,4,2.4990870004725947,315.5636716113485
8377,3,1.6767478332882033,47.50593096369346
